0,9fe5a7fe955dc4d0f9e51529b1f4afbd
1,619f92bfb0f6164500e3c0cdfdbb6761
2,d6dea473664169cafe6cb7346dec9c0c
3,b6bdc00c3765fc5892ffae13b52b290b
4,d75f2dd7c40031c2758393e905a2e3aa
5,226466e4ac957125fe392155b962a0e3
6,0798f7afbaf2477c316f0a3bd4901bd0
7,f993016af825fd6746088104935bd61b
8,20d94003cc0b3dcfb6df62b158c33f83
9,a996cb2580d3f87b4a34be145d307091
10,5dad676a2cbb71c6edeedec8128da63a
11,71d29d5d626025ec460f591fc5e44702
12,de688800ecd808e7fc402e38635ab14d
13,d650100fc5e84828868e337af01fe321
14,a8893ca2589e71e85bb625602a569490
15,8040ba3e0ca3ff11c7389a23b84a4554
16,09da1d775cbbf0a5d929385ec8eec602
17,fbb6c13e85c8c9798a2371da5b819c73
18,7f41385a729861dff2d2e3a6aa14890b
19,7e6fb12b389126b97c2744ac5f65ae44
20,ec189d8f2ad15920e8c8e26e52cc5bd9
21,61a0f6256dbd5c839da9e3d41117085a
22,24b6c8de17765bcd837a9c18bd074ed6
23,633de54a94141585df9fe4b2f7d576f4
24,68b479b64da04c3c3b66189f0eeae5b1
25,9a5697501a82ac1848b25dd035b4fdc5
26,36f985cf786ff81541fafb1e2fc24a30
27,e530e174225b3205656fb215e8d545a2
28,f569cf300d8e0bb86ff5166b358e3fbd
29,8d3307ba9e0f508e36074696d87fb955
30,52581daa4bce5e98a73d1985e8efac0c
31,256a092110199d491693cd766487ef12
32,6529d7317cd5700f189798905d3e68b6
33,3e5ee88bfdf1de91f07ce97fb7f2479e
34,b8530e218ef46764b04878af8a755b0a
35,285755b69ed4923a958b68d50f309835
36,8757a84f18c249ef7dd9c885053ac5a6
37,793d2393c61a96935c286f30228dbeff
38,923e57ede79fa86221da95981738f489
39,dcca4527d7e28e1597eacd7688e88555
40,2e1a3cea0e7a13eec215b9a5dabfb7c8
41,147645efc44442a4d20487ad9d8092cb
42,c18ea5e6e94205671589308d13d67647
43,187235191825460629abe2ef8973b06d
44,bbccfdf45d2058f4628aa267ab9a4c7f
45,4b1bec1247bad7f947a0137b97aba14d
46,8ae0129a83ea518c94a0d3999ddf8a97
47,26abd75428803e5e298a430d5da5e383
48,90729c718fd298fb636ac794026feb1a
49,c70e8e201822b54063a88f2426cef6cf
50,416f8ad17b99b7873f1068ef4ac2e516
51,5092cea46f5b7bcc7e4a52a2959c9503
52,53e09803026014a732f9770763efa384
53,a4e882f2bba1fadf50e2a5695174c0b2
54,af1fc24d4f9eb80e9b7cffcd6fb07cc7
55,0638f4b1c23ceb972a5a482aae9ab337
56,dd42eeecd51c0b6cb6ae5e34d7b7f283
57,415ed3dbc3a007bbd152921930d47092
58,ca52ff09aeaff3bfb7f8864735b31b6a
59,67a0911d494d408bceac01d309a02d98
60,a17b0903f4b91af75396e18ce16f35f0
61,d466c10764ec2a9e2bc16f318ee538f5
62,09b3981f8d985ffe1603a382acba7e9f
63,6d17aeb8c482476118106364f876fa91
64,06bcf81862e7b5e64e1e11791ce7a998
65,9de656b0f47d5292e3ebf00e2c02bd1b
66,29a7d8e1d6b4ed8b8d2226ceb2e244bb
67,75daf19bf38b9f17dc3abf3c7229f75e
68,301ae42f3f90fd53b79db0ad513a86f5
69,71dbb4f754479e0c5e2e9c39c43f169b
70,bd3d201478db00ad903a10bfb32ee71a
71,0771ea9919358ec834ff15608be733b1
72,94c49c165d329468443968efed266ea1
73,1a7582982ab7edebcea5782c26e25b24
74,82154c59f61a36a1499f7eb7237139b8
75,49aaa1fd3a97425841f4aebb4d3b1e60
76,06721e8773dd063f9b1473f36c638eff
77,c7d9e6f9f887afcc3b8a8de8cad2d144
78,66420d16e1d1a70a897c03dcd971b2bd
79,8003dc241536b5fb650add013e23a9a8
80,86b6dd18fd0439b677ba997d9dea3818
81,0d96bbe3f315dbba016bffeec68550c0
82,561d1c98310198776840dce4313641fb
83,22819fdde1f05e2e428c7282769a98e6
84,a505add9cb2c85a771fef60c8271b858
85,7a2d3f34f30ab82c743a6f24cc3dde4c
86,bc79f399346125f9e90c543208d6ad40
87,4c82dd81394249b856beed2fae2f8c1a
88,4845b7875fcdfb68cabe11ca7c2a84d1
89,6560c3eaef959a556866f6a20bd1dcc7
90,ead90e6b3fd04cce0833142900b92107
91,f15a55ae3b9a845d6259cf45841893eb
92,289d8f557a12f38d4d9aa93c2e29a8b6
93,5502d4e4af4e37857f10d7c5a2210ae0
94,f089842fb464b9b9bda2949cc146e0c0
95,49253cc025e6ea323130a88499c57462
96,a606d0db1a9272496f357ecb59535deb
97,5e9f83383793c32f18368e97ddf38f9c
98,dbe70e1534cf28fbd47886839def5a86
99,a7260b62e0a3e077a4d0dc783b49fc1a
100,a32efb05e2932960afad3d663b1c78c3
101,70acaf7a55c36be30f984301438ceb67
102,9570b5994a8736f1135f6f58d4057033
103,10a2b9487be1ffc79e7f53364b58ebdf
104,08c09028fbef42f6ad25e29fc854bf96
105,42f39ee8c9f04258e47f8a6bb3a5e1c8
106,43d2ba54476f9129ce0b9759de3d31c9
107,f91f84b1e2924a257fe488bb94a2de1c
108,49cb2a448c0b05775ca3f7365818cac1
109,245a6ae7589144ba422a18f725d685a3
110,e2b82334da11cb18897557212745951a
111,5e7633e3bba633eb7f219fe834a80960
112,3f41c37f26197d4a25c64cab4ee9d90c
113,1aab8b1c60f206936ba301d398b6d708
114,b373078537f13c73382f4b4465a04b5b
115,ade6cd994a1a22f1fc766e93d40ec3d3
116,6e4340731686a7c9866227c983af14e4
117,68b66fe355ecb470425be9ab9f3015d2
118,178691f3fa16d149f0303d809ff5eccd
119,403b6eb01c289eac7248b32088bcf1f2
120,fdfd84ea46833aa0d79626df83d8cf07
121,84ddae6b812c08096697e17b32207819
122,bcdcbb4f102d02de9104f2c99c5761aa
123,b2872a814d04501805550d1f8c5a0d0a
124,6a3b65c9ebc5ede0312e0fee9635c1a1
125,d4d573e8f86f6a5a5857197a14d64b68
126,2db0c73692b037d04d4f482daca536dd
127,e14ddf01b75bf84485ee7a45a47ef0ef
128,70cc9651ef73376824fc789b3900b875
129,d35d6aee341363b19f731fe9cf07684a
130,63dd437c691eb2b3cfdce06a1471d03a
131,a904e8a8b1b9bd05345abd76bfb1e4b6
132,bb9126478203e57679f32b413d0d5b05
133,ae1993d9f5f7f01eac9a728fef18071c
134,a6f87ccfc8f82483e9df1be2c3b054c8
135,5ff29a0e026d2d0d60f0135637d3aa47
136,87881c5353581565d4896cbd0469406d
137,a29cc63b85eee6a5eef6cf3943b3690d
138,3ff781804fa486e5d2d20f89eb362101
139,3787404a9c4b1c4e1f50c30bea174853
140,d0649d3990557254dcf442df3803c6f5
141,2e8d9d7db5c754d081fdc48f951234f4
142,52ce31bf5e2d9693a3748391c4b1eea8
143,a947bec65ea650548516f4ba6bf2a009
144,ad9a3d21f69cb0e86d6701d7b7cec553
145,fe9bc4dc941743dd6ec84b7c55b9337e
146,b0b541e1189a3d46b417e43d6f076bc9
147,34d2b846e68f06594cc0762abbe84528
148,050ef19f402a7cd10243cdee9cbe2c64
149,4f55d40295b3d4fd5e0cd39debd18db0
150,30ed650f2542a3514f522a403e92e965
151,4885970960223c9dc8745829797ff56b
152,ddb03a4180c984d0bb8f45d651ed0efc
153,9344ffcaa8ac3166ac40f5b2119ceb70
154,618a4064af9fb3fae0f3c25045834c9b
155,24c4e81f4e07d2cfeca30ee383ebb116
156,ddfa526726fda86f2c748db957e2e534
157,4da9cf919dd3d27fe7d2eda869202d1a
158,008469eed18fe7c38deecc41e76a4763
159,ebaa6dc42cb3cde07898e4e1994d4195
160,878ad492571bb354080cf5039214c7e8
161,b94e3ecfb7e97b38154fac124e2edc1e
162,007773ae0a29696148ec2284d8525bc4
163,f7957bf33d1588b9c7455b3bd8f9a425
164,e1da2ec5dd7449303916173728619c4f
165,b23bcfbe1e181656ccac4ace322f827f
166,1dc7219c19616560fdf4c6f31547bfd1
167,5f89f668693fb4dbf5bc0c4d0f3f31d4
168,62cd6dcd63585e97a75947d604a9aa14
169,19b5821f3036d0431e8ea0eebb95d57c
170,d979a7deb0d56c8ca7956b84769ede3a
171,f2e80045f8d7a130fd50e6a54e628755
172,935ce9eff33b8bd72cd9853941948ce1
173,96802e80abeaa406fa421f78f8d0416f
174,e1547f881ad0e39c8bec5882127281f2
175,21619a991c2a5595526a3345375f35de
176,d682ad966d51f9c9a957f8f44b6537e2
177,50713230b2ace6e306716451c4cf44e2
178,1142ae505eaa574d85ad086c87ab203b
179,f72fa5fb66df43c559d1aaa5bad2a7a0
180,d9bfc97ec95f5e2772b6808fa0e80135
181,02840980ceae33c287764c9ee1cb75e1
182,75d8beb13e85c3847401c53bb08c0de5
183,13c05e5058c4905522bd0aeed46f0dae
184,266e3fb5cadcfb2baf52dda37880bab5
185,4eb9883dba8ee4a151cea3b32ceb4df9
186,d961ac69b94a7f1004d7a2d2c0255f40
187,4fd4c93db5465aa34c342cd0d7629c25
188,8c86d5dc5d846cf8ba3470987c0aceff
189,71088cc72e7dbecd80269385d368489e
190,06b495bad95b192418e3fe498ea0a635
191,6eea1f3a5fb6fcbf38f6aee3b6e5c421
192,8356103058c8d49ece709506821ad64e
193,b48790aa0fb90febbe4786d7d529e189
194,732e24a7806c9a5b42d5789fcbd8dc05
195,f96d95223e4eb9731aac0dde7f434490
196,52b55008537dc7ece524a41251f5bc5c
197,be09878d894997ee997ad9e512daeb48
198,fa007d8eb69a560d021bab09d17b45d7
199,c7ef3a1e650e878628e29329a8f287fb
200,2b74840f665535c018351fda40712f65
201,eef60b92b13171faf30e75c14e122017
202,7077f59ca2a3a3fa0e0ff8d402fc56f7
203,b2c2708367eac5a531a63ce7a00e2d62
204,5081fa97febf38ab9f6275528d5eb288
205,e6f665905fa49aec02bb7ed97e31a92c
206,9e65e37dba6f1e55cd878ecf32455474
207,4bef9072bbc1eb5a7687df8acb2eb797
208,0efe52e968e9a08964c8d96b565b013a
209,2f492f52fd22b0987fc8816ae041fb29
210,960717d28dce39e500517b5d37513f55
211,67f097e66bf56712d3aa4f1e9628d539
212,0fdeca0558ee7514211e08fc2afa5522
213,d4d19c8ea3955e9919eff58f570ebaea
214,b0e12685ee218ceb57462f55e0f0ba77
215,e50d58c4703aeb22fcde21e645082fc5
216,4cae5c991792b11157a80e1b6189ca3a
217,10a813a4387618ab741a3d7bc08fa1a8
218,8a26680205ac1f7e280ea458b52c9e9b
219,fa203446136de0c08847282e5da8de43
220,edf8eca562f6476048a5851434ed353e
221,0399a1794e4059931cde99af7cb44c87
222,bb39b89225cd9a6a28d00d8fdce504f5
223,0745241297ce7740caed563d829d97ae
224,e0be3df128b208ec9a114952aafa4e86
225,fecfb548562c46b7b17d9d7d4e72c25c
226,d7adf729e4ed102fcc879b98a8c8478c
227,b05952c1e04839c839dccef591a03ddc
228,bbd34689ce9cc088e56c12f307360a30
229,30a37e56b350b4f6b4a1b0caada1f212
230,fcc3c9b84ef0b8d4bbd6adc7ae0e8e6a
231,b1fc81450630367668eeb5f479ffdb64
232,55a27d8c924521e0f38ebce71b53faf2
233,ff129f8d4cea77710fec923835892b34
234,db0855f687743f8dd81b86622984c056
235,ecddf32a6a71ae9d6e6646bfe8b51cc6
236,de35f196b2916fd6820ea3b1ae5c34c4
237,4bf1a527a8506262eaba4791d4c0d56a
238,a6438de2a0370d3c37efbcf5bfac9a28
239,6278d5ed53e2ae0455f668187d663cf2
240,cdd6a0c5cd25e6e8ae911d038fd42c42
241,14c256f3c324445eaa07289efa5a6ec0
242,0de7eed88717ada6048e299fd241fa34
243,76d2ef6fcf9f7cfbc56a927fa7b880e7
244,131b26b7ae54bcdf8b12811718018a46
245,c3c0760e19537f04cab22fa124d2819a
246,4fe0a7235d48434df1d3db0d40a7d37f
247,8ca62e9207c1090a4b41bf22f163e4ef
248,dc0299e27cef4b66f6fb2cbcb4495525
249,6a055404cdda58382738c7fb71f5f1ad
250,68f4758f3dae0d1437d956f5b63cb03a
251,f7d94c73f40f9ed541cd1db417b7371e
252,ce885549ddac3735f01d18318cc5d6c8
253,efdb7e62bdc60b0a3e1e88128d69730e
254,e440eac544b8a969f4677c4fd79977bd
255,91768f2026f8e65e64d03c040a1d9194
256,a40ef21f3a14f0434561e98b50cbd317
257,de01a3a92ac16dee12f9871f3d94946c
258,63220b194cec9cbe3c3b6dac0a9571e9
259,79a1632eb3dab645d185e82ee641a01c
260,8df418d191e8b62a49bb99d26f78be05
261,78a23c4a41822af43e1c52b5d4046b41
262,eae2673f846e0e1a93f8d4369581e8a9
263,619cf0719f05221fc1d5a5fd9a6e46be
264,94d9d0675fe4ca74b6ee4e2f45267093
265,3d92cbe876a6867cec95a13b0e0eb5d2
266,fc4ea1c0328156e13899c3e1a10d1010
267,f09e762f676409c20f8f92464aa340aa
268,adcfc84bf700737e0bf0f285dabd29a3
269,5a67fa1dd11d0b66d4c75275fd70a960
270,530fd9a2c66e30de5902a54e68ba6f11
271,3051450a24e6c1e5619f35e45e3c7191
272,6fa89000c24384e1b7c6e29284db2411
273,8af001ace4ac31cbbb1fa343465defe4
274,22b3d59f88024f6ce4df03973afd7ef1
275,e7bceeeb348b4d67f497fdb85b98ae29
276,ceb0c6ab5f6d692e923a8ba1f8c6f861
277,13268afe3b9c8f68f879c58b80f507c1
278,4c2ec3915192ff0fa64702b5a809d75d
279,064d17e96a2a229b35fa54f5644b2a0b
280,39cb435522d56dba68744a73aa30e6d4
281,4bbf8c694472d7b95c53ef9c4be3a873
282,cd56669ebdb470cb990b3239fcc824e3
283,9d247dc577f890bdff80a493b5e09569
284,ccf9826e8bae031cfad71f469516dbf7
285,5b2685ff3052e7718a034f91d5477b1a
286,a7ea9aad0f4c6c19d640188140551311
287,3649709eaa02ae446158ed5a54f4169a
288,5b2dc8e547f676c83f039e2b1b76f49d
289,ef505d7955152ef2cd01258640998b1e
290,c907101e20511c6d5699bddaa8497736
291,ecba1da025e0dbbd52d20e7ad8e631a4
292,303271686d6fa2e4df711baa0ca0dc8d
293,181db77af66c368dfc2d034691f89336
294,99dd449336c0913c7f37f1d7242201b3
295,b466796b96b4b4be93fd5b478614fc28
296,50af6b8db4b325e99d513552119079c5
297,277a07f6c001366c016530e43346200d
298,4e1754bee6275e74f416a6adcfe517bc
299,8b0d1a056ed2854e13799185218cdac5
300,639d1256364302a4671b5e909171f2c9
301,4a1261548278d48efde30861f47e602a
302,ac9aa2cf4b885fe0fdf4ce805ad9be7e
303,f37dde46617773787f8e98698dbf4865
304,4ca51fc81d03e5071c8db09217a1e705
305,17bceaf77ad515addf61cd8393cc4c34
306,fc334ee04004c687ada2c4ede4eaf3b5
307,c69df98d52c7b45060fdf79e15b89d66
308,bc643bfdf32a43a0f3722aea3e6aa226
309,247253056ed80fc4555a6e57b91e7299
310,448b88fae9e5254a5e4d91ce95ebeaa7
311,ba94cf9e39ba61b532d743197baba8b4
312,613a656edcac5da710e6b0c00e51bfb0
313,f6bd902717330e05b768d15ccb94c269
314,30a44882705f203159994807b14bd911
315,e21273ab74d04df778568330e161e486
316,51586713906fde1a1f712ae06caa3eac
317,35abf38e873bbcb4762a47204a9b698f
318,2a47fd1d33ef37bdd999400ce6519c01
319,12c48d74b5a719348719617dec2e73d9
320,393d852d7f997d15db4e8d28e9e4c624
321,e523eb21c4a3f516282099fccc1ad1a2
322,ebf15d45f4d56a5b7a73f8d648b88751
323,fa2b442f35897338055c6713ca890843
324,18d0bc0dc66ff91b3960cfb114e2c79e
325,b1e98bfeaf4fd4beeb473a09d359a675
326,829c71d27c13cc9b4d4d923245572d0c
327,ff2b3a42905fa94bf7d13350f92b8b51
328,ab266c8328cfa2eb183aae915580157a
329,74efabcbe9f610990deae5f92f898705
330,a7e53dea4c3e80612bff4d0c54e2c2b6
331,9b10518011696a38bc6973d8b2e3472c
332,68675d68851fd12a6c7d29b954ad1608
333,e27159434b8506390df0e1f058ecf252
334,3a0a945a4039ae1023db3ea5b7695583
335,a125d1024835cb998704b7787a61ad94
336,f360237d06ab88a42377a14e5208694a
337,5345d5098d1a769f022274e281890fd4
338,ee1975179df3764e679e8b372ac4c9d7
339,ab8abcfb653d213915f809779e2061ca
340,bb223e16c21700d2f62057605c7ec225
341,4c330a31d06eaef95307da8ed6b8df4a
342,098a4a0c298285235e125a20633b257e
343,db350e9c9f22cbacd0d9904b05bb652f
344,ca4b83df16ee8e9bd200b6fd3249b518
345,73a286096aec16dbc21af76799417899
346,8ff2f9c32748f1318320ee4abfd74e17
347,01fa473fd4e113cb6f6dd6ecd22fc70f
348,862bb37fc4d8a4ff5ecd819ffa26c09e
349,f1756b2075b381aef0bb801d62aef7de
350,aa9869f0e12a0cfc7795ecc906de2ee4
351,4991682614521549c7378b1d7cc2b7e5
352,700dbc9cec4fe87754f088d5eee84524
353,2a6e14f93e22ddff54fc73812b1f3072
354,8423d2d83398e6fc650db5feb6412e69
355,bf12ef6949be460592a2cb9b0b1de55c
356,09615e1e8a555f028a8de044c0d9760b
357,04679c9576e6b974ae78195b7bbdbcf7
358,00ca79d2f794c3aa6de82984d81aad13
359,79d0e3b1ee8d4f1b6a56d95674b85167
360,4cd70786efd45f773ce1b4b6c6d71bec
361,09fa43a72c33cffbcce70745455ec384
362,916b2a1e54cc05c950e05e776a97ee27
363,0b60dd5a0f409d2b8010c19012873c92
364,f7d986a79ea51c74f9212b7b892b95bf
365,02e1f51ff03fcd0e81dc19366e09edf6
366,0277798b263e8a43083a5c1cc671ca5e
367,3ea315be8c991cfc18f72c363ff4c9db
368,e762138f4df747fedc0a82a0ff65f39d
369,aa5a322e531bcdb3498fe33c0cb3c306
370,fb288b9576a2f56ba094fee21dcd38b1
371,8e20f2003151c76568e8ad7c887ef406
372,e3c9be4f217c4eab26c50f1aabcc3ec1
373,47d093db4307ad0be17288e36d54cc88
374,49e4a663c7bb3010277354e2a9d0d82c
375,bff0123fb24b18a0a506ad0d0441349d
376,56069f87ae011335c64fc23e3a6c521a
377,cfdddf3943d8ee4b53a2349e8585ad3f
378,44d67ee1834aca111e15e9afe814fe57
379,e45a0136c280e08cbdaab9a3371fa353
380,3f677cb8cf94088c60664dd2c3d466f3
381,ffd088d200e689dfd439b3b6484540ad
382,5e0068a838694012ed3f85ab177bc7fd
383,9720dc25494c49ca08ac57d804280cc6
384,9aaae2c2ac5417f76c54ff848a62dad3
385,d7bde2659a33332391a569cbf54a7bdf
386,f8c23a08c1ecc538ec06aed9d0043ae3
387,4ff3b7164ba4a38d5af7c4efb634868a
388,c90e819d4e746eb671e3c65f17c6f45c
389,ea7333ec2aa92a2ea382bd449b4c28d3
390,a0e8117ce24dd295b29ffa0eecb3c045
391,da656310b9ab1739b8d923468386bff5
392,8c3d6e27925bb9fdd73d7dcf44666d1e
393,542b6fe7f825f003b967e05c8d3b1d6b
394,a1dae65e07437b5df829370edd902bb4
395,355a9484291e286054ea59ae04197278
396,495000ba7d1e847f8c15d39ff1b41e9f
397,7a937f1f14445ed2ddaa1005d13c10cd
398,0c237c6fda79f5fc6792e03e5ba4c2c0
399,0ebd83d4872c3e8b3a24df363dc28e80
400,16bfc00658b551ac56ab07b5b6d6028b
401,8a75d1038d85887addf9a27d92e203c1
402,46ab84b3a4ee9fe23d81e3fc4251466c
403,589d8f72f9753797a594e6610a96a475
404,35fb1382e206511c4110349955d42117
405,b44dbe4df128629b15142defa9c7f294
406,9a2b2cb2f7992e827089ffda07c0e9b3
407,bc43afe2eff9c7bd143c78ec6e2e587b
408,5e46aa5162d273476722a0cf4711a366
409,45063470d39d197cb94d4f08a76754e1
410,1dde05c7216616c00e4e8407b400c895
411,2c11fa1efb2debbd05b94cd2f3f3eb40
412,f69adced97868b724236bba85dfbedc9
413,3c6397019eee8eaa2d72af53a09ae1c6
414,6c5b1b7021e66468565f3902f58516dc
415,f57bcd595b77e77c5a57930a4bb5f32f
416,a5f8a17e05c9f4892d2a5bc0cec15d80
417,24d5c974ca515744037160a8b3242965
418,47c0d2a637c74fbe3bb324fb13c7f62e
419,196e9cf6dcad92896946a383f23b6d30
420,a5064b49408a2124cb57a51d3ad0826a
421,6e7f5ff42206640d11b90ff2ae965b17
422,e8a8ba69bed8c304292ffb1949bf8fb6
423,389d14c607b7099cc56b3542ee6322a7
424,d1fc3653494b3403e62ca06aebc3a0de
425,ee0a23489c5fc6e576fad279a68f7832
426,b001dbeab33b4475eb3e3f41fd03d965
427,425a8b8c940640c1d2b93de2c6b11b0c
428,a3102ddddc0d56593accbad34a3d8e40
429,e2a68001c52e87150af7202b834605eb
430,7994fe3797f2a6d33f78796b78d0ea00
431,88137ebe493758613d83190d91227790
432,e3eafe25f1eb01e224a6ad9477d16e20
433,81b7609d5cd7bb2a2856b9e0320e9165
434,1fd1ff16371cccceb65a70a989ff3337
435,520b3009a25bffd0fe84d0268929861c
436,2226cd23cfe3169362b20659350e5d8f
437,fc617592d25dd67ea993224cda6cb875
438,fe08639cd5a51cb66b892292910e9763
439,87491e632d91e92393898cf387ac4559
440,ea9c27204a1c289fd20178bc36c0d460
441,288e301b2f2cbe48df003b3fe5ec25f1
442,89594659504c596d40aaf87481e8297d
443,c57ce2606c3a999d9b66e7f39298fd58
444,e9d958434e3a12911f848a8b53829fcb
445,a33124089ee2c162f7f234ed5d62a9cb
446,8bccbca36e05435c5bc013b77fa6b277
447,0e01f05afd67536a0f1f2c6ccfbf8795
448,16a1d95c777811b57116c25f64207a65
449,dee7202be9a367ec3dccafb11f9575eb
450,7b7c4a184a4e74c1350af9b7eb9fbdca
451,a1fac0e5be93caa49ef7ceae56e0723c
452,9679cc427623595b41f59daaec8bc65f
453,7d99ea1c9acdc99662cb7e0101d1f664
454,b92942ddd7229e6e39d1828c0e25f330
455,bf18039b6a05183e631bb7e37dc38533
456,3e98e38e71cf00d3eacca781f297e9f1
457,6e28dfd12ad388e584f11e01f8aec53d
458,e00ed449bff4d8ffbd6bcaef4b9738f4
459,244bd547b93c5daa1a5042f811b263ce
460,74889f78ad40fcf2c2335e4d76b54d03
461,745cbec0a9235029841ea81292b51078
462,3d882a85d654956d1ce47dd5712d619b
463,b29d7095e2dad57f8a4c5c8df0545110
464,a123038f5a4681e3245f3d85ebe35cbe
465,81276e77caa583139700ea698e4c44b2
466,cc599d2696c72b0d317e40e098898856
467,022084db626599aacbb5677f5b2bc7b7
468,a099e903fbc461b11abaf38dc34373d4
469,f535494d8b3e5bf978aadcbbc7ca1cc7
470,feef0605e8b006862959e66aef3f2e2e
471,030361560c7a180824d082af64aadd1d
472,e70f96b18130e0593d7f660b478d6d22
473,838e185951f5766dfb8dccbce30bfd6b
474,0b7d1e9d73655d58780ad9b22d11ac60
475,a8625f78baa04e98b8a1740d82c87bb2
476,c2af4ba094c7a9468eb97406dec28455
477,8cb166289d74ffdb69ab0330b39da80f
478,cded4371202b636f4dc70178a27fc04d
479,a0d081881caedb46ccc51b68bbca7a7f
480,8487573b36695257437a288f87c665d3
481,69199155a1e7e5e27f48ea64a24fed50
482,ca09882032f31902d8aa403617a4c415
483,709bba101033cd88bd97e5c04c68df00
484,65081f6659571763559c9f2e2192defa
485,d4abbc2cc538bf9a54786a598949f14e
486,348f50b23395a65cd96e4b4c779f2142
487,7fd7dfe1718d57ae36e34c5879c9a0ee
488,e5f4c9cd64bad4f419179df060ecf05a
489,e3fc3bf4ca10bbe8d080e84204aa95f6
490,ebbbc83833917029ca95a649248dc2c5
491,31a47137b1a4a7777fa03867b28d3ed2
492,34f3beb9da088c109f06d3901ba57c38
493,4164d4e48d946a2be6e8ebb6990485f7
494,6fcbffdd2b1a25be886a233ba4a80d79
495,944fdbc6c00f2c47636dce114ac3495b
496,d12793f8a2427767bde03d29b8f2f245
497,5327cc2d91e32221f7c9c9bc4fe6e735
498,8c6a6660769936d7530f50992ed39cb2
499,29e10a42419ea69891fde75db40f9fb3
500,129b919ff2f05d7e14fed8740ea56369
501,383b3e20facc3f78c02bc0f8f5f354b1
502,f61cecd5e7797b806f1ca3f66ef65299
503,2dcc23e604ff32dc68db1f011322ce4b
504,ae1738df4664d389e67a4b71f1483c8c
505,285b006847ab2f28d29846b727ea01dd
506,1d76a17d870b0e42224162157fac6287
507,a52d123ad9c999fa99b6449fc3f369c1
508,e44e3d9de75831931ee797e0db1a50e3
509,b1545f243c611de1220c4079beedde21
510,587a3e0f48d193df8ca3f6714f8baf5b
511,86d6677f0a38ed71654271bcb135ba40
512,881d99db4a3cf56188207a30eea15069
513,4121765b7960b259a0ea8c3c79159b72
514,b4034483f28b73edeaa611ba9efe29cd
515,c6c8f80d73c40d009f501e7b0363f8f7
516,e3758814328fb374d1c0b9c4b8cc057c
517,1825fd18a111b4e9859d9ae87302bcdf
518,121e960fbf911c7785bad7c121f56fa0
519,bfc205db1bd04262bc26206889b4acdc
520,91a3af48407c6576e197b7e4382ede40
521,9500129c1937f94391d61e2afde81ea0
522,4ab07e5715720d5636e87a0e58b642b0
523,85326df1082e3669000a59cd596aed4c
524,22b318de50fcfd45b459e5c031a37924
525,3bedd0efcd333c095e07d4e4e0a92562
526,48bcd372ae69fc554e1b2c33864deccd
527,47831a388b86db86f285739d3c3ab835
528,f5b12c7595a8201dd8a31907d5af154a
529,c2c9c658b2a8778e8860c18c5d59f843
530,df25f8e8385f641db0d95ded53998af8
531,b42f7cedf2fad9660d2fdae168040265
532,0d7f595cfa1f44d230dcdbd7a4407c40
533,bf2a0832ba2ced1793b7bcb70950a3d5
534,581f90a8454bee98bfe51ebf5d572042
535,b0ea6d9f864ec66ea0fa2844cb8913a3
536,c753743daf8ff3fd72988f3d1d37c262
537,ff2e4557e7f5b8150016b252ca165fec
538,ecb2e906a6dd13151e1cdcf87600e635
539,88f4b5fabe7834ce0946f01971582b31
540,ae0a4c4e7efdc5178fcb484452f9077e
541,a65e8bef9d39404d23e7993bce200951
542,e27000561b8113d9b20eaf6dcbb53429
543,365ce97ae7d6ce8093f0ff636c98f351
544,4bf2c6c89288749247c145b080efc75c
545,247e515dabc4cb13a213648547fc1613
546,cf168b088d546232ee677a4787d3222c
547,b1b389ac3b2785826666d3e4c7d6f78f
548,4fe0c388a359bb85dd05d289c95fb1f2
549,2e0b44925c8fb06104131c25b0f8ce21
550,f3fd8a9f9e781cc72e167ff956708670
551,3d28ed3f18b1bff96f43f1fd7360c91b
552,952ea3bbceff4717bbd1300c146c0a61
553,a5d78d7c7ff53ff0372f195c0b905f7c
554,1c60ea4bccbdf63d8be7620fd903878f
555,2088803954ba17136ae0a03d1ed92fb0
556,65cc5323c1424025859135822b0a37ff
557,315a59c69f9e557d0d8df57d6cd9025c
558,4a91956f86cc34805e16a86417101b00
559,ce72292202cecccd04d219c25c8c4362
560,9afe807acd6deae557d65a1bbc3a631e
561,2e8518b700b9e02a7ccc61b36a1fcc9a
562,ced9f4cf446e0545919321fa201fccaf
563,d6b9ea1c609c9416714a7140ef9ae8da
564,64eb708a609e66ec676381d27322feb5
565,f7577ca7a06705cd72f5569f245c1f03
566,3ae23da208f03e51e916361ec029debd
567,64ce5362a48fd029a32eec6b5d3be925
568,e71a32545540a737518907de57790db2
569,096b05bc44d115b035de6a49651ed913
570,a861091f42b27bcd44ccebc3cc7bca65
571,fafe49c091d9c453a70b280b61a2f5d1
572,c5af312092f4c3e50176c458a605e2c8
573,48cebf7a36c4f8ec83d52e47861d57f9
574,2c37419c7b723aa5793d4a0c7daa6965
575,8b9946990ae28bdecf08da362e2d641d
576,0f80caa872af410eca0ce598bd48616f
577,5582d53e88b945b87f73418e7cb4a8e9
578,f540ee42db510c40e2a150e1fb5b082d
579,56d38f803241fde02a3ec4721fec93c4
580,c1344148817a748e4b4f700f1ede592b
581,ba18eba3f542a0bdc84ffd082123d976
582,523388529dc06bb581e32559ee7c4b79
583,4ecaac05af7f4d815afe2e12fbdb09d4
584,96e429e4d08f922e1d496a745180ab5d
585,8e2c3a95e2e328c112e93d805bd89e55
586,47fc1690e9a7d63f3422436aba2df4fb
587,dada742524c0053f27b98c6270a84e1f
588,105cdcc3b8f498076efd26fd219ea360
589,4ae7d6cd4affa4f95854f6cc09e4de71
590,252658378e2a2210512622241acac9c4
591,4a797312d0a930b53f9535f103b7de05
592,9be593b993edb7f7651997d8b80b61b8
593,65f77c26ad8352c341afc1a73b1a1752
594,be9d19a7e2b965f5a281c6a033726205
595,bf1a7d49046c816cc24cf781e3d130de
596,65bdc4e409569b20e88325c2e5ee44f8
597,fba3597d1eb4a4ceb913df7d1456977f
598,3c7d9a8852f922b1b4949f44e8e7607c
599,90a57d18c0dc2688c0c826a6338e7928
600,6773fab59d0bab5f9fbaef8a073fc076
601,02896643052c42f4da71954f87fc13ac
602,53f3235ce5f682280f2cdb0790f48658
603,3969239513a46d54faf937488e167f25
604,a444d20f6a5ec2cb693a7a9b9bb11dd9
605,1075075e8cf801db868c095d99678704
606,14531627d88dae53989baf9254d0db2f
607,de2d1285f5dcd51d01921fb76909e38b
608,6763f692de72230a8ba1d99762ade42b
609,89b15c3d93339dbaf69afef1a061145c
610,dda5aa088b629b4dddd9565d5b406e75
611,156f2c49be74dd72fe6025684bc26c65
612,09ff28edfa5e182b371a286f1cc92a6c
613,de504255baae5f619308b74aa715bbfa
614,417ecc3909f74ee4813defab380d83b7
615,307de049fe033d19021720bbe8debcf1
616,84d48913cc847702b8790464aedcd3aa
617,8c8900ff8183169c5d203cb9391e3934
618,70a58b9286410c5c267ffb87d2ff7689
619,c2fb87cf5cd38246e3c399791f9ad7dc
620,bcf1c8307fbf4e7ac92d973f380ac908
621,d3c514c540643d66a24b144bb13f31e0
622,ca2e16544c9cef57e538b6928c644f07
623,acefb929af7a71cc2ec7ad9580226035
624,319c8e516aa1f8cad2b9460e5966fd9d
625,8e1f327128201935a244a07a18ca201e
626,248751146e740bda781a934bf2cf392d
627,1559ab65db7d47e4aa2831265315c98b
628,69f619281c3f12a2a0770ee34590c311
629,0e33d22dbee07a7ca7025a14b9cf6b3c
630,4940cdb795b918b23812df388bce1f3a
631,8eb1584d9bdc77aed780b2e2b5f07dc6
632,afd5f8060468fb9a08e0cf19b2857c31
633,7519b7b82624ea82eb99327007614e38
634,bfe32b9884550757844703231580a73c
635,ee181434b0c88d72168ff18e194aa94f
636,4ee9e36bf30b7cf02921d61d438cae15
637,3aa2893c700f37aa4c49d55978d8f4d2
638,72701488cb6b74ce2fac133f9f6d3712
639,4d428516d303bb89852d43eabb7339d2
640,5e84f607411cd25fcd1bb893bda16aa4
641,415e8ed426e7c9021d09598526432515
642,9f681b4472b5c60bfa0dfdab325fc47c
643,a0dc5dc700f9b0037c077a74eed59273
644,d9dc8947a28c1ad6d58a6de31e1840ee
645,952d051955c3da1622fb372434ec1a2a
646,5699db7af917cc6a806b4b29083572dc
647,441246816cc108fc15d48a15d35f5c46
648,ece4496f6817a4998ee21cda6bc6db33
649,cda134204d7d5e9d9b19dbe0e3c47449
650,7be17c4f4eb5906c25e28f180befbafd
651,63a173b4dc28a4b473585ced8944d725
652,ac582ab056c817d54e79747ccbe352ad
653,90406cb86673988c2c488c0310e243a2
654,94607e5d225a367ed94bb577932f0d96
655,3e4dc9132eac3a869473eaca51f01784
656,12b1f7c54cd28f7233166213e8568033
657,e49b070d5e97363159f0d5da90b248e3
658,512fb6cea3bd500aedcac8df6ef8cfe9
659,6835e1b15d5e51c1e7aae258606eb5d1
660,4519b7052d6e47986da519adee1d7e06
661,15a5d0802efc66cda01476531ca3a996
662,bca1032236c44dfe761d57f3bc995b84
663,c40b21ae03feb61552b041c3489f6793
664,28e2018ff807bb9a4c11cd506b8877ca
665,c3b0b523cf3b164625be4074726770cc
666,3163acb956cb73f0b5ec802430f07e75
667,36ae47d2aaa5a862cb0628564d149ffa
668,f27f91e0cee9968e8eea740a4afe0f16
669,20f9359523fc233de763015b6d5db8d4
670,32e7fec7a052232b340d2a270c4f9a54
671,64e841243bc3fe4342613b5b30772b03
672,9dee6ca2c178152cac74de67aad1c886
673,5bc20634543711f7cca6bd290812b63a
674,706ef0fd0080a6396b736dcdd9acde89
675,66e22f569de1f8685d5667a1980da6df
676,bf99931102c81de20046d6c46feabd82
677,4874ae6f9981d8c820a619c0670d6ba4
678,e46060c63521eb36f4a404aedd038b65
679,7c6dca703db1b44f3cc97f9274623c79
680,737f94a1a4528a28fa7e5120be2f557c
681,407882264ed2a25c267731ede822a0e0
682,5b80b1da3ce0290d9ea6a3065452ba9b
683,831c9435235054f45c566cb11e4d64d7
684,60614c83f59add78b8708807a869f9fa
685,7b531b906ca30f7cfef10df17d87e7e1
686,e82e8f5c27f73c0a853dd84f1db075c6
687,6e0805bbf83d21815f88c9da14bde9f3
688,1f13ea2fbb0941f5cb14d48f07461cce
689,e75b7ba856912e5ec23b01e2603299ba
690,843691319ca4921e4828cc8d3d3e5931
691,81cf582cf22a6a7e908ecc6630d0d203
692,c5814c277cdc7552c9df771df2d15bef
693,20440acec6dd4a3035456df3a1f1fbf9
694,d76831f5490ee97991e5e92e1eb778fb
695,6c881b2994fe378d812c9d1a0240ea20
696,211895f4029c4fb2106918697b6ae721
697,2435fd48b185ade68b8c1e9f7de75757
698,e3b2bf79679c65ecd6d6f8da8cf5ea56
699,77673a235ed3716e503f20d226d7b23f
700,60dfa9b84baf53b32bb640865656099d
701,6daad4ab8c16023f05fdbfcd58ab8814
702,c7633ec5af6094de1cb4f9a7a0847e31
703,b9f09d0e074cc15a11278627e397db51
704,0fb47fa687664676844ac23cf2489728
705,5df3f63d69184f50eec7e3ca2165bc0b
706,d01d74f180f10fbe0529bcf2f7f9c2c8
707,f1885f937e12f9a98bca81b887874820
708,8848be519d954673b237f12d7fe69a7d
709,b16e823ea290bad788985e1e8a14e334
710,3811fe676258f439a646e5914d0ea5af
711,a78560a52f4c941aa80459e8fda7deac
712,3f9b59678c1c45ad52a27b42ffc1901a
713,1e6b71d15b16254602d74890de10ced2
714,969d2dcb0424f774d86117cb1508039f
715,d45170012a7f6a3d6e72edaee1b8ddd1
716,6a8b4a251fa7fb72d83bd0d5036172e2
717,2ea97e4d9a70140701bf298d7039b774
718,36bc3b0f66bc72a2f755fdb3885a5c89
719,bad31dc3b9ac7f0e80ef5cd3314e20aa
720,40633bed99e2f9fa13c8ef420ca24e00
721,4738e6915888ef2706f2d0ecb6d59c34
722,5f872dfe9c4074f5adbeac9d7644b4a0
723,191ff7fe277047b0faf1e5aec745b873
724,98bd7e0f5b8033da76c4c17d8f9ad0c1
725,dcf25e085439f4124cb16b67fba68940
726,bb493ffebd45896f3c3a0d33123d5905
727,b3df508c226ddcdd541bcb6d12a79e7b
728,e262803e3fbebf52ad7637e41229ec1d
729,190d52156648c16b91016cb30257dfc9
730,bfa0727e8545bb96042b063545f8b154
731,818aa3556219fe26b8ccaada4a16003b
732,5e67e3521dddf8982a674590f904b954
733,a451e00cec5eb9cbf6e2abcd9e65d048
734,32096df128c643d660e0aee95932ed29
735,a5f7eac01c457264e8bec21241eb8613
736,7de59a76eb757818c2ea65a7891f183d
737,3c3f226d0b48203471626f3ef6360511
738,230ab9ce8bdd8b83d077389d853c79b1
739,bb56decfb6ccd607ff25b74672ca083d
740,abce140f21e09863d092846461149690
741,2315190a8c3745061e5255fa26168929
742,68a59c0985496d1a128f3f2806f63715
743,91ec900d58b029f236c7bda467e91908
744,51660d67fb6710f9a4d6b1299aba7734
745,82eee3feedf4d71dfecb7a1813a0559f
746,cf54456983eab7109e0f3f02ab02c8bf
747,769518d092f798ce23293c7581847f37
748,3c2f8160bb05f549ed70b3d09910a965
749,6f769bda9dc80076e6d3d63e4571408e
750,3e92e8150cb3878eb5ed7b708e2692bc
751,8eb4c8e8b3451cf5f6ede685d6373d40
752,b5cbacc35a5ef04a008627dcf9c8fc2e
753,97a5e351a45586f34c6320d44043c6e7
754,219c1ec96bd05e1330b76cb37ebb8b27
755,97e8dfa59a2967c3cfc0cc41de376b49
756,0d83d9ecadb2c37ffd424408d9b1ea9d
757,b288d31f4bb29a50dc3ba4446f54000f
758,262f9361203ddcd6c844e7e85fd1c288
759,e68262e5fecdb511d7f1f9bd79ae25c3
760,9a366a9ba37f6ed94067131c4a1370c8
761,cc5f683795f58186774e1afe8b0e52d1
762,148a8908119f2bda3cf2566c0582a9da
763,abe34e0d64f0b68e18311fb977982f95
764,1aa6a65f8194bc966bcf3e6097c62aa4
765,d0c4516048b3db7a48ee1b2fd6f4bd98
766,8756d6d05392f1697ff59f528e7fc17a
767,08c7e826183e36575c2178bfe8e11e5e
768,8a8c24d876a6f070e4f8b8f1fdb5e879
769,00f7d19c24efb2d0e0e6727764822095
770,aacc8a3198a19c980c28fb4d5278d386
771,ae9f5953a22d6717ac9f163b315ca41a
772,20213e405c60bdb1d0a744b4e404a0c2
773,e63d5d3b29e0d11e5bea9340fe4eb17b
774,8c83bef180b80c0d0119ba01e6450bb5
775,4276c65560a33c3e7368c1d0c0308abb
776,253cf117ae90e1b2ceb180bc690ec2ce
777,bbb8adfe3a8cec6532d4920d9c9ce35f
778,be6163e1a0c7f666c2c521d456d927a7
779,a5c19e2584887d80f17e0038fa9a806b
780,e94dd94fee60a5a3b12866aeb942887b
781,b981f5868d224d667cdbb8eb6b407695
782,b7d4da744f0eeefd4701232039f9fa12
783,e375d2f5010cc430a31c40b23f135722
784,7e63502e10694fb2fc6721d03b0646ee
785,13cac2cc5ad7041aa17ff6fd95ef3b11
786,0ba919be7040dda8f26d64602dc8feef
787,5f4c802104713eca0cedba4ee8f39f11
788,d1c145843a0ec99a63d33d1ea49442a4
789,ed38a6a72dbd364845e167c236533d85
790,028c8dea196269d2a2f2bf765a4738a8
791,83329380fc49f39cb0b707db6bd412a4
792,bdafe8690703e13b1d51d775ddfe7e3e
793,08cb0d13f0ca56b3e83287fb94c7cec3
794,2c755de9d08f243564e03aba092c5258
795,8c232b3859673a41540b05e97163d137
796,3dad60c0a675242a18272b754f486466
797,b2f080866531ea76d97fc2f80c659431
798,321088fd143102a524dc4a8774539230
799,2afb11c0ad786e6ac6d2b34455a22595
800,64ba8f7983e2f13f9b4eea8a97f9f16c
801,cd2089d602f4e546accc5f8fc3b24d31
802,b09264df88bbddc89e368c7ad6406c19
803,9c7537824c064e2b690283db44e43f94
804,7ab3100a433e2a51f7372af03c396653
805,eefc2359e4d690fd902f64cd6b6c6cfa
806,e6a0b459be8d4ec8cc4650d3c985bf00
807,ad1b1afe29f8c340aac901d531e99d70
808,90a271fe79feb772d14ade004bc77d85
809,e98b385ac678c2b3e1e52aad454d032f
810,b3f03d6fbb36e18d9e1f2a5705caf4e9
811,1e8b548edcd123e0a9f1f07e85d49fb4
812,5d312dea2c45b97524c4adbf9050cd15
813,b24dcaa67d4bf9b7e0a3be5c4edf7006
814,aefe53d5c9012356e3180d44a28c8e2b
815,db0cd4dffc2e2c2c6d60c175def03013
816,3078e091392cf5d770a35ff0901eeed8
817,fd406b6f9434805ecd068c90f0127365
818,33fbe7c7c5d33233ba3272b2f57f0c85
819,0c6659cf829db3bba1d39b9597de1394
820,ed65383e8f8a47510f93827b6d77dc69
821,973fc91e73ac7c5903310a4d1d034e81
822,cb6dd046d85b33cea096bb4e74c6423f
823,8fafa3b028af67b169b85bd2ad128896
824,3956e63d80507eb17099220528d5e50e
825,4b014e76c998144ea9aaf48aa4eb349f
826,f4df7c455256f37a71ff643cf952faa8
827,e4f3ad572ef7295ae3f23ea1693a4745
828,6fc591007bc9fb857f268fc8a001d40c
829,698bed93488f311eeb16b3205b681f2f
830,2579cd1d440bb65cbf132d9351d879d8
831,d77e8051bc5b7d380358485e44396658
832,8a879491d3b2a2934abb339dfb86e441
833,984379731beaeb5c025e869006875bc6
834,bf255ed2b4339afa16a6db8ae45dcf12
835,a02e2bf470a4e175a654795cf9ca5c21
836,92728ae60e19720697bd0e576e58aaae
837,dacad8261ea041e1616855aab4411e88
838,f8cc4edf8397e15b80cfd2d428628e4d
839,16d458fdf7024861f453c2b751a26531
840,830d28e0532efaabe3624f9bfa290e0e
841,2ad9f45c918f787ee01e43f9beb67107
842,237c5e696a7f1409f4324c2dcf2f69a7
843,fc703bd38b143ace4ba5db5fc3154306
844,a1c2612558f4c9fa288cade898a556bc
845,d18094b4ba10602b43071ccd083fb3e5
846,9a731e5b22910a283500e671ae774c0f
847,7a86a5cf62a2db3ba4d9aab94f890c0c
848,7d0dd88a8c8bff815080f622da15bd3b
849,581f135e6efa1fabf3f831059cd0ba87
850,b8cdfb624f9ce74e49256a2896ef791f
851,9e508c04a7a9b0dbaa92a4a286690205
852,555bdd4ab5297418af862aae5a67ac33
853,1a070d5482b2fdf834988ad35606dae0
854,8bd275eec7fe77df42a278b507d6e3cf
855,53a7dd43237be6cdd3dfcc8d08bc736d
856,e3927445cc5dc5f3687af6bdab8f7158
857,e1ea6b82c790696ea4d8a7f5705c411b
858,6c5a626bb4887349dace8945624c3a95
859,007a3f6bc2ff52e4d6b48eead7accb02
860,923fd07623e72a523087746651aa5821
861,a2620a61a5ff5071d29528d8fb817c72
862,1f28a382d6afe490e5fb5a26385b75a7
863,2c8f29aa3a5ebbbeda9fcbbc7dd45e76
864,f912f32167a8c185406dec27992d725c
865,9dfba236653e4067a0d7a947ff030813
866,968ad8e3435d23fd35f0a9efc7268b0a
867,4f0a692c091e968c07ef821a97b61b74
868,6d2b845a759b8a33796d4bd9a186ebf1
869,ca4bcaff98725fb0622fbe66b1f430d9
870,183d0a9bf9b90d59db05e4a90048099a
871,05f52759807d7eaba224701f911245a9
872,fd9f096dd5179c40b4bf8c8f3ba44fb8
873,24a41d1aa1c387ce4568deee65b2db2b
874,f35d7497b98fe26f13c9da2691610cb3
875,d405fd98bbc189ddf42b777b0a881922
876,c475b72ef57c6a2f8b4d6920197bbd0d
877,5bc3ab2315aa21ca41fe089121851495
878,8c31d3a6daea6b8a28d7512c04b88d5f
879,880361ed42ea0384e9aa7f10426f6a65
880,1fef40be181c6dd29e7c3002e564d3b3
881,2db1c96c7dfa2ad528ffb9e82183e035
882,a0f54f9384bac2887ed1e9a2f3b680a5
883,a010db5a86fb9f9c2bbf3d93983859f3
884,d90528b1027f8ba356c98c2e29f10233
885,c0ad429f42952e376a5329e4b8ebbb58
886,138986e55f6f8a0e309f6cb8527183d4
887,ec576a795d347ed0eee739ae7fd4f3e8
888,c5d01d220a1f915448d737b8b122f082
889,377283fc4b13c2fb2b68807874ef07a2
890,2ad53c914daacf69f82953e92ab3640e
891,96feb4bfc82487ef3733730f7903121e
892,3f9b1180311f5fd502bf8b0c3280f2c2
893,1d7752037cd1b62a2af3378eb52d8e56
894,ae2ba5260d91dca3a7db56c32afea9fa
895,3c8b5a726d083f550e76817c32493fb8
896,d157cdfdbbf714b7e05df4633d91f3dc
897,14d50955d32e6fdca7411baf1f9f4112
898,66bcad2342e6c06a737b93b8abb8d8ac
899,35a8dd06a50114457aa3262ae277b374
900,47f86e82f97880ee503464beb1c9c585
901,01df51abe3d497147283c34f51488785
902,60fa5cbb6d558cb5e1f0e5ec27204678
903,cb4f1c9822bd7328a8110f68fcbb5267
904,45cc227f7ff9c8a822c32c7a13d0b6b1
905,7b6534344dfa0af5fd1965a58d43b853
906,f83247881f2efd9743a5c72b5aae285e
907,7a5c1540755ff928d2f8bc958d282a8c
908,5576ac2dfd3c0e1c4725962d63dac9b1
909,01eac26cd65e4d1f6c3379126bb8114e
910,6726e4440a7d1a93a337c122bc1eeace
911,f9b653b7c1aeaba75fbbbb0ddbe4efb3
912,76d78f6408f04380e0a55a8ba8746619
913,e28b10ce2cae084a0e2d61c89a38a429
914,b2c44b8c71d3adf6e48151aae96e1848
915,005b43b4c8b7ef96c34a18ef22c5be53
916,ddd5c3d4242b29be4f9e7bbb4feff6f1
917,3c559255241b6afdb7047568f96ef66c
918,e56e8d0159ff3b8f98fe1cdad83ebaa0
919,fb1cfaf3821e5d0f534328afe17958bb
920,00d7501bf8185ac3a9e7bceb819eb056
921,6c92c9eaf99575890d106fa2a60ba44d
922,bec1c381c436e54e066e6a7c283f9590
923,cb04a7b9d2c46eef1b14357f780fc0c6
924,b6f3fe0ae484d35767c84a3e8172b3d6
925,384458bfed70c8a587eb752b045bcb21
926,b9a2d217b26b270ff7d65b416aa6d065
927,902fe53267612bb49c8e6a1f2e616c50
928,74c594601f2a62d34a34f39e495da6c1
929,ec30af45e91e41e1ff208d9f0661cb61
930,35cd05cf558266d58d8c82a2e9c6cb8b
931,db5b9ac0a71e15e4619b7691c4883980
932,fa7222790006626b06bf0349c3f19b7a
933,cb6e4159e25c08ce54ab5a83e56a7a2a
934,3cadaa1dc7c296e72d1e5c1209eb82bb
935,9d8358e91ab552f35d0870885d5f21e6
936,d340b2f19ba2edee1b8dc44ac641009c
937,210d100da04171bf74e8998d877aebde
938,5cf4a3638f7d330910615620438ea58f
939,fdb58ddb10404225edad84705624753f
940,ee11b487fdb03514c1315cef8574edf7
941,5533bbf8095c1d284e2d1fa309270028
942,db19d09871645af014be499ecd44c90a
943,e4995b550701c8838c9beeecc18a707f
944,1494a304e3e377a9e270160e4838b65d
945,2e5f4fed5d0008fef90d894034f79ab4
946,02400ba2bf83729ef10bf106182a0ff0
947,62df8753338bece7c4323f2cb1c63a85
948,ef556ef131bee514e7301570caf9a3c1
949,1ec375146c3b998399d212d85ef128ca
950,7705e5052a90a40e5d0ed8eee9a8a08f
951,4d4b9f783b2c271e73fbbee60e00c837
952,d1ac196f41157467be09d5bc0d172841
953,9ddae1401032c051d1ba27f0c8868349
954,35171436ff5d46b71a59fa32f54f0e07
955,6c98f5ef98a52d799171025e6373e5a5
956,b974ce0153c40e3c6bd2ecebd7fe5f9e
957,15aa97b515b32efb505adda66be4470e
958,f143bbfda8cdaf6ff3c080d7bbf760a1
959,78221a42d47bc543da3b311dfb4e063e
960,41482746143b4530b6bdb1bf3092fcc9
961,28320da56d8b8ac39a5968547435cd35
962,52050196dc3f76841d9af4d4e76f058e
963,bd47d07360403884bb71dd32a8592ed1
964,279a38348981bb69e34005b9ba7d4303
965,63e01f1c0dfd5ccd03c33d9fed723160
966,9f1b380924ddb8be6962ccee03fe6dcb
967,377a5f4ce2d9352eafff1c791146b822
968,0b1e3f37279f87239818380ab480fb5e
969,8c6de8735e51505cb9713d19b7c881d8
970,70ecb070180b8f82f62e91ee9229f8e8
971,58bdf658a6c5e930472017729668e8e4
972,0fa512e893ac4a38ba4b722c8faa1f15
973,a4fd54d21421f04af18baee3108f535c
974,df2a1b5b8d7426f8e759877a0f28ce8c
975,926100e1485d849cde0cd5331ac87f92
976,2c35645a02e705c3a040dd3a135d6dd0
977,4e49182ea9590b31657bd14c5c1c9df6
978,420c34e11e14742a0a1696989238311e
979,7c3009bcd176d52890893b3b645afc02
980,9aa9352e5c497937377c6513d5a95e59
981,d7082ec05b4ed7cbbb362560f5beea75
982,d0597cf84439abfe8f8249f57dd9cf24
983,5d74ecf248ad4200567022430f29a88f
984,34354a9e3ddbe54969b65b097b81d7db
985,a512e12e4b89e54932e0d5b005e2c62a
986,cdf118690df636b635e89d6176a2d0a2
987,2592a28731ea709edfd4d04d535c36b5
988,e9dbc6c6b4ae6c1bf20f0bfbdcdeaf37
989,79a916ffdd287d44d84b9b9641b349f4
990,b4f12a6ebd6b89d7027ba17baa32da68
991,cdd01d58fd4c7e49a930e22e80e1c0b8
992,1cdf513526a5500a16229866cd06a4ff
993,f4f12a6c9d89a64ad8b3eb054c398dae
994,61a32a1de65917563239606fa0c526c0
995,d1c440954451fa53e4305ecb8411a096
996,ba78d62608ed4ab2540af1d6491b6180
997,acd1e94348fb736393cb895d39564bec
998,98d86f60761665e4568f57e9af795fee
999,1262d428bad81b1ecff5a1c8370d2f2a
1000,683d43a4248004759a35f90bc7213cd9
1001,ffadd138144e4aaf6b78d6ec5547dd3e
1002,3a755e063bf4a033f942205502a69dab
1003,33b2173f0f78a9241750e8172f985bf7
1004,d42cf66d97396ce3913501d79f11c415
1005,e81771671fddb56cf08ee6b99c59daba
1006,cdfaf9905e88ed1e50d8a13cb1f8b985
1007,1270297e39ea242150e7e89f06addea4
1008,ff42efa8f066ad5a22033a449097eb8b
1009,b349ace61a86bf5d595e777ef2acf0a6
1010,8a5cd15907c4b010f7c88ededb16bde8
1011,13a8d20fa0feef3cd760e1243a912b50
1012,bd3f9a2447540187b297aeee22d13f0f
1013,e81da468995b2311709ec120d15db40d
1014,e9831f9f46d5187b0fe4eccf91b37c08
1015,462be4cbea0fff992d88028649c567e0
1016,24e16a35783a465a825616ab5418cbbf
1017,835cb00c7b844fa2c0b0ce4fa839240e
1018,65d935486a904907c62eaf30e11a131d
1019,1ec2662f43bf9e9278d7d5dc91ebf02e
1020,c0ad145e737e1b30b3d01cf77d220648
1021,276989ff6c99beca83836b77ab2bc225
1022,ce0dd49a15272a32754b22145d2e5260
1023,9c956ff7b2ec279247bd3562f8b11196
1024,32eaa3684fb976480501592f5a20c312
1025,4d66f372811e396adcb0979d5fa37fbe
1026,578b23e0aaeb9fcae0e6f5450ce15621
1027,6c256a462996cfc824b6b203f30436c5
1028,1ddd834ca3f241275159fdc7f396b3fa
1029,1ace00d16689ba8adb75acdd3b9b6034
1030,fa3121c6e3a2824c5352d33fa940a440
1031,ddb5c555c414b839d0b5b84ad345d49c
1032,c7d0c500e77157bd39e18b023e714bcd
1033,8fc3ea8e31b6cb152f96cfe386f8f318
1034,0f4a570cace1871026562acae40f6a06
1035,45f874dc7e17d1e8d7b44c2c5d64113a
1036,485ac6400047592c5eda7ec98356920f
1037,65248a88e1ac9de94a8c6b5050d5153c
1038,63e704542e54ca181754be8c1cb20202
1039,3071e2173595458358403bba79c53920
1040,3b2bd694fe8711929deac8be99a39a20
1041,0029dac7af5d7ccebb28672ad7ec88e5
1042,15b76bc1cc25a22c1ce4f7f4e9347caa
1043,47063bee7a949a006a8f88f3f93e2c3a
1044,e88c6d4a69ec59eb7d9393069629b887
1045,dd2d3b9f7eb8ca6d5b53648077ec368a
1046,0e79a8178cc2951d23205796115f613f
1047,bd9a00f0c89b51022821fcaab28f445a
1048,a3e1e47be66de15023948ec92bb5157b
1049,494e3fd18f0e1e2b8931cdaf926fcf55
1050,97a40630659c8c5eebf568e3524aec53
1051,212eca35dc3443ad2e0f01a6fcbedc6e
1052,ca1cea22eb66f33507de637f76a48aa0
1053,ba0bb283b66bfa790e4271a8858e2a4f
1054,6dd0e3be64519ab7f009bfd3b14ad120
1055,80ebfa7b14e34d8b292fe01ba41eae08
1056,c96ce9e1c910d3f731eb725b6595661e
1057,df7a0d1fd8cd301baa10552ff1edb2fe
1058,c552ee88a51784276e996ef91486daca
1059,c9362a2348053b86e59e6c9f660462b0
1060,68d49998676170f24538e33a6a295d3d
1061,b68e9746ffddb51901bf0d69b6d2317a
1062,c07ffa2c41a51553fadf8ad73239ffc3
1063,f758f91e3d88329600b839480bc2e1d4
1064,c06e7bb3c155c3283b9b354f7f021762
1065,09a3c8c003039f90a21d07ca73c22c62
1066,b89240357590f4d36298281e9885ed0a
1067,c49582b008cf46848abb983532f4d7df
1068,7d60c6b78b9b6da97635ba9da1bc283a
1069,4afa791131aaaea361df5267240c9bfb
1070,25efffac715330dea8b77a4fc31f577a
1071,413243916a7d3ce3498fea1e7487f60a
1072,bdf952848fc41994ae947ed5dc478a34
1073,cccd072f8093557b7ac7ea0b9a89046b
1074,99f88528186d76b69ccf12780ab2f5d8
1075,1be92c85d196441297a06313987ffc92
1076,7e34b6bd2c452e573e5658d602b9b00d
1077,2a6da9fa325eef211f33d84f260a1301
1078,8068f056243899c05d5cdbe13abf5f52
1079,d740f3e37f69fdab25b2c647fdc7fe02
1080,5009954e94bf57a2aa54c795266e1cde
1081,0cdae580dc6e98e6beb8c3006fd514a9
1082,32f4cbbbb962dec07c4f546ab87dbf6e
1083,333ca132914f294ae064119b4f531ff7
1084,066795a4972e1017ab58df7d8c83431a
1085,c8c574d55d07843f465c7ec256ee546d
1086,ca7567dedd644f0cdecf1d1f48381db9
1087,252b1c4a6b413eaa976d27c195267e98
1088,60a3987342f946690e0ed81b4fd7b3a0
1089,ada57c512c157008f6e0ffb30a005d49
1090,d84294154528cf99781059fa20ed37ff
1091,be1adac55cd8d80f23ea132a0ad18a33
1092,ed63bdd9a9c9cc015f2cc90d15b68a27
1093,6ba18e0f5000be17fa0a57f314c39d58
1094,b899669e7cc7837bcb755cb5c30d5ec9
1095,9037fdfb0ca6fbea1a09d80483e2cac1
1096,d5f8209fe833804cab8d761c6a5b37a2
1097,8c27a7102ccde98173c1e12a4a143008
1098,7942b37e5cea392b49e617944cbb4314
1099,9e2f129a34f0676532267cec41ced622
1100,3bed45f7f3ea559f123c3958fb46f91e
1101,fc0ef0302fad998812d48c8a01601b5c
1102,4c1b75b42a0ae06d5a0823867bb67a9c
1103,bb2d6f80bef60880c3984a517057f4a9
1104,15088ebca462fcea7e2af6746790b0ab
1105,594a40f149a436c517eaa7e44bd98d4d
1106,caf3c5455b8aece5cc01895cc93f2b92
1107,505fd58a0619d330b70cc998ae1686d7
1108,c0e39bb9d30996fc299446eee7c8409c
1109,1c8b9766369e1f95d29fc8e16097affc
1110,e8e0927a17055ced7043c3a31642cb44
1111,85831f8dc088281228e129d6c3ab470b
1112,169ff53e31edae68314b670099ac0aff
1113,c269ca58f514e4f3818d0fda1f6b9281
1114,f6ce8f9bbdbce2f197c5fac3ef1f53e5
1115,d4dc3d48f1fb584bd9093b9d02cee9bb
1116,a328ab8c01cdbc2b6e7903c02a04dd4c
1117,ed396db20faec1cd8685175ffaa4424f
1118,0e26f2adf63fb592fe42a8134fb8c4af
1119,ac6db37dba092cbb10cd8657a334b5ca
1120,4e9f72c3d8df18a88b1284b250f34967
1121,9c0fc5a62950328ec0a2e21b19f77ddd
1122,96e525e91cbb7507a4016fac3342d767
1123,6acd9e16f0f935dcbbb522d0fe5d82c1
1124,b8cf5729ebf69629236b2e028cd1e937
1125,dcc0cbc85b96641acd66d4527e09abf3
1126,471d7ad94d76f452867b25a470c63575
1127,3c613cef9a802be808594171af3afc1d
1128,2755863319ed1f3244e8c48c94b2dd0c
1129,0af1182ae32ae5aba2f01f1a69c851b0
1130,364c1bad4239804bcc09762a1c846e4b
1131,4a1840be62ff4187ea11605e3d7d1e6e
1132,0033f586e382e67e31899e90899dd464
1133,ad41a11573a862cd01c61b2ce4076710
1134,569efdeda27b46eb5734e728f944f189
1135,d517bc7b4e73429505e2cb47046a9061
1136,d28e52f4c5fdc4a60b519dc75f1d52b1
1137,50f7fc7f6d2146751c8a24013d8077ca
1138,a2c30a77538d3405777be41bcac1924e
1139,c36b8cef7cffa701e0078015abf3b9c6
1140,cd20cdd97178a40ed24919c08fff1329
1141,ca274acf292211f507964f7511d565b7
1142,20798329d8778d94fd1c1c696f014634
1143,7e3e52499cd4bdfcff412c03a48c5008
1144,503dabd290243dc4fe26271fbf27e1d3
1145,784dcb8dba54540738a44b24428a0cf8
1146,dc8d88a9853ffe1db6a50f0242c4c495
1147,df82ca836b6aa497046761f4dbeccffa
1148,c606b59c7353858f52859ed151b5c9cc
1149,9251376b73e2a23bcda5034ef829f91e
1150,89a26ef3b01df1859f5a7cde26e04838
1151,4eda8470a274b887ca61163c76689af5
1152,7ca497c601ef40d9f49fc94a61069e07
1153,7929b4db47fc8af19581ef96eab20447
1154,4b473f235313e6b5f976ae3eb6746c11
1155,36bbabc4e2342e7c077d2cebf27d982a
1156,aad16087e82f853aca3e08a3ae639bab
1157,0a7cf1a96272788d0ade786d9bc05932
1158,06b3ccc257712359b4c94bb786173b55
1159,fade2088a45291895e41ef6692ce8bd6
1160,15dc86943d28f9166779d7a5a23083ad
1161,d0ca0fdf8aaa22cfb56fa852985ad4da
1162,a54df4a690a359fbe5efdc75efd043ad
1163,c5548d7e1e44ec2c5ea855b3ccf5395e
1164,6f0c2822a5827a1e315defdce9a75beb
1165,9b089c17999d7e3acf2c153e906310fa
1166,7d8346f4f4b3b48bed0d7eef77f16671
1167,f23923a1635a147423745b9981e7a7a2
1168,62edd0174bb07557852545ba9710d652
1169,5d3f7c0da0e1266acfe99df0357113ce
1170,85d40d4ad11afb31c8e941a58df6bca6
1171,df7c72925f5b48cb677f6a8ace16c74a
1172,2fa6f8685768f61bd0bac329152bb784
1173,d91267687c01ae848fa8b77b61a8758a
1174,35c55df9bbabe9d2d33393a7837cc004
1175,07c37556a5a9b52a3d21e31f4c514e74
1176,a8828d749c55da1a584a9327736568d1
1177,a42af7a896d36e40c3816b98df1d238c
1178,7376d8bd235706b95974b5c29c9d239e
1179,dbf680e2485562b39ca9dbea62de72d1
1180,c1d25476741e51936f3aa023b6d27907
1181,a23f0f4da9384776a4de37e88fd35076
1182,7c17377fb9f76200eb41cf8c7076e29e
1183,5941b2e110cc74074fdfd57045c07c60
1184,62a29767fbd8655d4eee1239c85d2935
1185,0c98d7bc237ae736f443d6504fa16fa5
1186,65831aa5ebde537afd9216e903080525
1187,8c44a089479cab64b2ae905011e4b28a
1188,c25b11627fd78b26091c20b9abccdd32
1189,9c9499b7c54e4e4f7cd4acebb858e248
1190,4e78ce13237ecad0ed5ee6a65cf79dfa
1191,08a96133f8c0f24004a32f720a275166
1192,d2686df5c56db8344dca6ded3cc79bd8
1193,ceecaf12c1601b83bc209f36ac5499d4
1194,b3a7718d987cc7bda38d70374162e9ee
1195,9987a533d64010081e789a99ebc77de9
1196,e105325726e5ce29db5416aaf4985cb1
1197,7e1472739326c97bdc5be3078072eae4
1198,d84532ab2eccc87fa506d16f88e69b32
1199,7d959bf03b88f02cb2e6606cbacf5339
1200,139d2c2b104074a3151ac85ac64c95c6
1201,3f0e321234dd0ab0794ef639ed59301f
1202,75df0e5f7c18e941b4ee3bcd30f5264d
1203,4599b86e22c5771698c877b874b5201d
1204,9fc744b765cedfa10bd2ea7c23731e44
1205,a79d1d7b788a051ee293801211b0085a
1206,3d6ad0eea8455e4fac757ffb822fadd4
1207,36a9bb9597279b367e5deb9f5c761e66
1208,9d6c7054ecdf4aed40bb50e91450cec0
1209,fe52d04a11e03f9d70c98d4157c5a207
1210,b6c2fe365bbf1870e162ce01ea49492e
1211,c2ac25adb97d2b22b68e7ee9bcf63e29
1212,513d9ad0b7bca9535616242ef27ae3bb
1213,ddcccb6db8dc9ca99efcf78f370312a3
1214,b6df7456f1b7eb8cb51a07def4681630
1215,b26d46004ceac64fd306627ce25b5db8
1216,e158824cdaf9ce897bdc9dbca475e01e
1217,352953b19fbf1e58220199d8b4a951fd
1218,ac7604081ad07fb5bbec2234ae909f67
1219,d833d5352e659eb4d3675acae8af5e7d
1220,f400a043457ca01cb6167022b6aba5f8
1221,93235ceea5573b7aecf4a43b31e575a6
1222,d62a9f2d85a3fafb37c853eebbfa2b98
1223,463da4bf0d82706a514fbe49c6a29029
1224,e8bfa05d2051819dff528403de2a0101
1225,38cebee7263059e83650ec075469c278
1226,53244e926aef816e61aa59041fb5778b
1227,c5ac4aef652a2fe6ec04c73c8b876d92
1228,d1fef131c5432e52e0cade76bd19c68c
1229,41fe7a5d8662666ec4bbbe3c9a5ea1fc
1230,b7ed70f13a16a881213c2fe34dc8bb9e
1231,e16ee0fb09dc2419d3cc2563a571ebe6
1232,d5455fb18463b8c9c91341703ba4192d
1233,82ad7a62fbacc51daa4e991706656022
1234,60881e941140f8fe4a97539f9e4e50f8
1235,441a2e7783311ce88d141fe78018a204
1236,374d06eeb8880a5d22d0bbc8c9afba37
1237,71a277b3f2f546c079fa08f750bb10ee
1238,cf570a1b7258ca001042b405fdf05ce0
1239,67f0198d0a7b470bbcb2def7261b8966
1240,f04201eb1af71eceaa53e4f3ce47ac5b
1241,d04adfd91e5800784b299d8faca2931f
1242,4b4ac1dc2f27a4e898589cc6e46e81e5
1243,c5d144977dd3f37f9cf78f10922a813b
1244,fbae93f64c378587e90a0e59b8bfb7cc
1245,27134658fec3717087593a26dac97fd1
1246,44a91876bb5467451e039babd4725504
1247,4b55fff33a71627bfccd0c3b2f396f6c
1248,c57ff447f5d9fd7fcfda15d95492fff9
1249,4a1ea9612b36240ef1b0e86c46603e69
1250,f40d0e8bbfd8574d0deffa2155afd113
1251,4a9437971f447a7ca970428c4b3755b8
1252,5fc4fa3db9f26b3a796031d29f4e4b17
1253,9aa46c0286a75b0f050246efc0069274
1254,2c5bf78508ca34748e38e450b364a892
1255,26a295a0112bf7e6b9a732966eb98ded
1256,36b378b89f7a7ebdfa976cd647e71758
1257,c20908bd44bd2f6aa8624215f0bfa8d9
1258,980c1984e1b072da1d006f070f4a651d
1259,68ae82844fc4d7175ebbfdcc9e8612ca
1260,4472d559cda00abb77366a2636d745ed
1261,b7b8a6526c341f5cc7992a62252ca339
1262,27db70905f22c8bbb3f84227d5e8c3c6
1263,cd15e41b52eeefbdee31f23f2d91ac57
1264,5c762f211039f9d705bc47422ee761b6
1265,87ba398eb6b9f78d805dd87da999bdd1
1266,936406d9386ceed565c0ae567c59d647
1267,2fa2389bb4f82ef3a0737425e3d80a94
1268,e47ee6a7e8bd9d3abfef525b2e058a37
1269,0dadf770dc7c507adfbcfe08f20c7720
1270,6c332bf0776a13b71e27a3eafdb6eb30
1271,a2bb54909ca6be46b584fbf53ededfbc
1272,462187afd39eab74f87e7cdd774a367f
1273,67a9d4c230f1aadfb6f770f5b3e7e4c5
1274,8d99041072ef9facba0fa71480bcd511
1275,bd3a3d5dc0c920e1fe14c81a7ae80ea6
1276,22503710fd5c8a3ac5afa3afb2897a0c
1277,54ea44911fabf8c0c3ad64ff61ba02d3
1278,af4f1367679eccdb0506d7ef13aeeaf1
1279,6b01836c0d49aa45e76daef30270edfe
1280,ea457bf04a14941b3f0c1d868c64b494
1281,523881f417c7dbdebb4e38a7f4fef8b9
1282,09e9b435be15f8310363ec3ff9598404
1283,6d8dc4dea34145b298e11c982f335142
1284,02a97bb1e4004c9309631fdc96630857
1285,4889959524e41b4188d48280a28bedd5
1286,4699215eb0653841b506d9f7d851d9c0
1287,506461149adfee1ca64b29a495b5159e
1288,b15903114aa6cad41c0df64b8f5faa35
1289,6a8b58838c4388a00a50e43814bf1463
1290,a98a08941accf63656953b67f0a7c2e6
1291,0ef24d9b78fd5668911bb1589841351a
1292,b2a4ae7207e3b36fcf7d06063c7955fd
1293,505da46bffc0b3415abca28dd940c499
1294,2dcaea93a97ff839fd2ce452adee0251
1295,5835090959c67073045435a845ae37bb
1296,f768e182879dbd82d1656fa64539187d
1297,f2662df9392c9f96c2082b00a22ca070
1298,a567da5275eee3b6ef3a1dc66629d4e4
1299,5dcd6bda030487a997755b6a955821b1
1300,e22945bbdd464c6e441bfd9654423e15
1301,3182bbc644722709c71559540db8f08f
1302,c74d6ad653d4462bc66ece0186344de1
1303,80df94c2f51fd6d231d1cc7fa6ed89cb
1304,bf75f65f476757f94ef48e442de06425
1305,33a1156bc91b8062ad6bcf995f84ac0d
1306,5b8d39ca129df9c752afe52d2eb85434
1307,14b094bc7ce8efc911f16cbc23a4de2c
1308,f9423394f076c389975cd647ac6c2365
1309,fbf6122fc14438b074334ae2bd0d54cc
1310,58dfc7287ada6419840a62bd2a207feb
1311,4a7b77396a5b1bbb5500bfab249f0319
1312,b0a9d954eafbd197ac4db965f80611c8
1313,3accaa0724eaec327ea2599dfac0b010
1314,3720b342ee2e408c9cbccbf4b4e5d739
1315,a4c5518f80b75b4e13f3142f5c5dc752
1316,0aed3f353a964490c03e8adb06c1764b
1317,28091c5d8fc7b22629239ac8e0179a93
1318,61d49d3f257421921429114bca7a7cf0
1319,fcc25190124f240de536ae7407c434f0
1320,c62acc648c147971c162f760625051cb
1321,d203790f71d252bebe63189080f6319d
1322,320774d4949e6f4f55bf1bbc91e03e7b
1323,be039c59e984d65c3de3334163be632e
1324,b5da31171232fb31beaf750526af5629
1325,785e45916466eda0aeef6f9af9e0d909
1326,710e11a62ad07ef7c678fa53ca5d8a3e
1327,2e639fd8970b60173cc639ac14faaeaf
1328,6a09e2f4a2e0d4c897d9886acc41cb2e
1329,c68f26e1cecace5cdb76049d9e45f76f
1330,bca0b4dbd63ce09ce733b486263d35dc
1331,b7235e3f5160095deda3b55db4194eee
1332,cecb94fe2ef1d87a90c500139bac56a0
1333,690de088a672e82875e3d99114504005
1334,6781151897e5e8ee1e9af5f72d74b97c
1335,45aa20f4d23831dc201930a46a34c99a
1336,8ce62640001279a193a190c648777ab8
1337,cf04152590f30ace0c96a65026b2104d
1338,14cbbade41100c9a4f58f5f443a681c4
1339,046d7ee64f6e804163def028c42de361
1340,7e44ed665891b050bc9d6f5066621242
1341,260988dd813ac87bf8f199749a42341b
1342,d5b6128f4ee0b0cdfd20cd58d7a2ba25
1343,8280fb81cb9a6719e4cbd85788a80032
1344,96417e59d645fefcc8ee779bc2d2b78f
1345,6eb13624c127d3e4eb50cefab40e83a4
1346,7f69b92c2bffd2e57d30ff13bcd4d2d3
1347,97e40238740edfc70f17328c66a78b3a
1348,f7886c493ee753437cc4afcf824a4a03
1349,4808fa5d6e2f4b8e9e03e4f4f8ffb6d4
1350,fbaa98d399312145b1ef9c60c6da7732
1351,da1feb198d107feaf17457fbac761456
1352,53921b3a6089d3f89d0cb396bb5bd076
1353,82e43cb11b2c057e46f96ce4047e1428
1354,f78d837aae4a721c88b6b47b976f7348
1355,6040a41d3eccc7af645a5812799262ba
1356,3a41259ead330b020022118336bc5db7
1357,7814e581bae461e695822c63cff6ce64
1358,de9f849b02fdd0e57d7e0d0b42b7567a
1359,ca0bafe4da52a28a5a4f9a5e8282ae72
1360,e45fcac5651ce7df2c7a9e11d6e7771d
1361,71f55ad878decb9fb319b36e52689641
1362,bd6ac2f1383689c7a74f62b67cb1413f
1363,0dabf92b4a4caf8093b259a89da13b3d
1364,d7f66621a84a3e3d0d6d16c3068a68c2
1365,abe0e4b973b9218eeb71f3b5c4e1ba0a
1366,b91a74e49093ce0c9277b2adddf94740
1367,0e93d86f243bdd759516bfb0d9c96168
1368,ad177dadabba97ef9c1d33077f354b59
1369,dd8e2e168735acd6afb8d65ca9781ef3
1370,b88d2201a7b034404811e5961ccaaa4a
1371,0db2bb278ebe22aa534296120f6fd641
1372,5d14946727e07e24eab4d46cf41c5e9b
1373,f640bda20192739088a1c4d90b8bd3e6
1374,8f83b018b991a87a3ef6b48d8ed2920d
1375,445e1b174eec780d01107ebf8306d633
1376,234efe845005f453f947dad8fc65ef32
1377,0bd22e9efd837fb107bffca127d3152c
1378,945fbe86baf10bc4fccb61554699a4d2
1379,f20b7dcdd11c31dd84b9a29ec6ce2d2b
1380,ba2031d8c8d171b8810d4e184639c1df
1381,7e84ff37db9bb5079956ffe0c5f9ca86
1382,34f2ae66bb548e4997c362dccfdfdd3a
1383,2051a43b19ab21f12eca78c26bd2b249
1384,c2557736f904c56725d208d5ef85fa0f
1385,d06a285b9c8e3aefe0024cc39d74dfbc
1386,ca6d557ad5bdd5f9b376ce5e356057c1
1387,861d12d578b97093a9dc9fd907437296
1388,ab92d8b6a7091ef2298a766ca5109ec2
1389,56b844e5b5fd3cc760ca68ba09892911
1390,2be4aae482c5e7c365cf2b912126b35f
1391,92bfc0570079fd599ea0c5321322cab3
1392,d25317769f975d626f5cd012a3fb20b0
1393,b4a0b21c4e6cfd965ca49d51e874f0fa
1394,fde85facc978bcc3212652d0079812e2
1395,c6d244fd35ace829a99d52cec66b7677
1396,0f7c63c8af9c9b48d2257dce7ebc2e17
1397,edab698a4e201255d08832a2cafc4d86
1398,834672101cd36f106ae7d3c064b6022f
1399,d19eb917589a46c2fd237773e49b8c7a
1400,8db2b26d1612dd1b6535237e8f40c2d7
1401,36b4a0c9604dabddc24f116f1587b3c2
1402,961259986253bdad2bd759dac9d6fa0b
1403,b763d4095d6a85c2429dc1d2b543560b
1404,59b497077570a27604d1558e632c7165
1405,00fb0356c4fcf0dfe5c0b78150d9af48
1406,af562c6f849437cf57f7d25fcb37f6c8
1407,078cc5c8d2ddf8ca8766310b829cb905
1408,38b5125687c00c761608dbef37b6443a
1409,5d80b27c93e519ce37e20b0438cb87d6
1410,9f669cab8f5cfe37d0abb00c0a349e95
1411,a04b59aa5d00cf3b29027f551ee519cc
1412,a8557aa12e958072e43817990cdfb360
1413,76691b5c2059b6e6dc25a7675b462ef8
1414,55ebd9566dcb2d32258020e4b2dbf191
1415,6a0cdc0ddd61e822bd02d10fe971c96a
1416,807e7d18fd9d06a177283c2269ffc62a
1417,301049b99350df708bb7dc9c92f9d089
1418,3da697f9320f0de8c16ea16a39d096d2
1419,bcd8f8673feab70109e684fdc68dc8cb
1420,b36ea6d3cf2c847ea5e60f5a1e6bf140
1421,65184c9c6c0d4884e43f202f25997a6f
1422,a982f8692a7b9832ef35b7d0ac4e022a
1423,0252e6056f5d684039fe59506609ca3f
1424,24a9b056198fd3821abe93086860bf29
1425,9c1efcb47f2d74b4f5db4903dbe6afb7
1426,bcdf5ebf294d7731360fbbadcdcea8d8
1427,8b90961b3465c8c3bc64c0e6cc0f78b6
1428,3e8976c8732084820a0fd1d875ea61c9
1429,217acabdc79f93101bdae409cab2ec5a
1430,e8131dc1ce7383c8faf5ad89a1ed235f
1431,ce82a2d40e7abf14e539ba5f0e5c517b
1432,88fd419649bd097564a5e40c4697faaf
1433,ff39b49fc7c5453edf6fc8995a55f4ac
1434,07c5b0aa1a33c266b354450cc8af226d
1435,9356d06c9ff2c8d0eb1eb80aef0d8c2e
1436,4b2defe05b93acd244c8a21e39b379ab
1437,b12a67fbc227f5399debd1d4fb1140a3
1438,e869a0ef91b8c5d8134e94e1178905c8
1439,625a3557178704b1e4cb41858389cea2
1440,e07dc2403f76dbaad61a7d61edce464a
1441,762884237083955ae1753adc24bc8373
1442,071d4b50c18ca224f7c6f33b2c21acd2
1443,7aa882598a864c9f0380ea2cfad0fa21
1444,04739edbfadbc6f60103a94d204ce7bd
1445,db9b645d92f3ad622ab44c12dbb5e3ad
1446,688a82dc6ded9004a99ad93c2038bebc
1447,fad92f117604cbc4a266e1700ab96286
1448,ec09d9d7e92357c1875c6212cbe1575d
1449,011a1000fe06044af2654c6221de5cc9
1450,cf981b1a3eaac9b3b97fc397a1a204ec
1451,ad7af7c2b5b082279b2a8752110de29a
1452,92a5e6756a9ae2c622dfdc55a45c496d
1453,f189e20140bd41c74a6ee85036092edb
1454,c7ce2339c13707e7dcd1a53a20c270a8
1455,80dbd2b2e21a729dea88f5ee3190c2a4
1456,951c08b53e362ca5a13dd29436b53a3f
1457,48196b37b3c13e2c500366b8e8c821de
1458,2a22e7642286ce69f14adfe2d45776cb
1459,80727969ae069d565b59979c19745917
1460,20558d1cfc9c13daacc96d8ad271c215
1461,cd7653e5137b515f2e637e81836d752c
1462,5c0be9f1bd7b9f0b68888432f2a134d1
1463,529abf227475f652becab4c61018233e
1464,141a79f78f73503b656bc7d99dfcef23
1465,8f70cb65a7efb56aecc288f994c867f8
1466,a08e32867beebc22359ff8e3ad5aa790
1467,ad399b44b3cdc699cd5edeb3832d513a
1468,54c4c039a58436e9848fe8d257239283
1469,209815608a59208f966329e5b24f42ca
1470,d4f2ebf0c589958c3e6afc6a6050c353
1471,a716f17cb702004391822498ae768522
1472,b81ea317468e8c61213c02bbe8a381f5
1473,c10074656298800b239b5dc239295946
1474,86f7ec3ee0c86b92f9cc784cc4359923
1475,b0c96fbf45c9fab7c228919a5407e73c
1476,5cf15ef0c62ed074a455ba0ecda25751
1477,e8825fee8291e6cdb1916a3eb83218ea
1478,faaa98aa7c55c1ad18a218f25ff99873
1479,2b20c911159a8175aae4bf0cfee67523
1480,587446ed3f51d1a1a783bdf9018d204c
1481,7bcf9934bf0c9d0be8eb6821636dbba0
1482,e2630cf9e9a7f0c236735080cba1286d
1483,9b897ff00bd1f7e1db90f7a301a2e040
1484,94b22374e7f38ad709f32c86bdd92770
1485,096fb520d1c01db0f7e95e2252e96e8f
1486,849a83576e1bdcacb8f0d65f802a28bf
1487,e227b3c4c1a4fba8c2539cb6bd41e14d
1488,345b1fd4f38a3a0df4af5d66919bec03
1489,3302c78c0f69e29e49a381937037087b
1490,3191b3ea371fee93e8779ff86c11f1b8
1491,495e05accc3d7be498c7dc50c7166669
1492,57e0510f4a66aa92135a32b1fc0cb88d
1493,043945606c8a71d3cfe472281b6c470f
1494,7876ebf0a31c57596273d52807174270
1495,66c0070813cb5f1a2ba19c388b5d3e75
1496,21621cadb9dcc2e3c69e92f288fc3dd9
1497,a5ff3db51e2f62bcba94e5d166d5d012
1498,55ad87a6eb4c02e35c6b6d6f7e8bf34e
1499,be67edb9f924da128c0e858169f7ab56
1500,2dc9ff0b1a1a997fd2c159da77d55ef4
1501,29ee2c02858227de1c512ebf2ea98586
1502,3407c27220344e1395ddcf1310e922d1
1503,ec28f954c9af50289f4511e4969c8d67
1504,7c58b788bf8a46733ddf97a27e8e1026
1505,94bed1d7c22da3f1ddede77afb83ccec
1506,57060d04c71d7b90e870270c4fc94946
1507,44187b838aed2cd5c0dcc5215190cf7c
1508,bdee772565bdae403b09fd9e03b61f26
1509,dc23a5728b2a305dbc1320bced9b25c2
1510,1df9365a64d9796e2d11c723220d4d4e
1511,e8648a01d9f98582ef13636d07551596
1512,3091ae81d557c442db2ae733935ae1a3
1513,8acefec7d366e594d3df7155718f9594
1514,179e28f8aa62d7386c61b41fee81e1c0
1515,646cbb7f060df0da327bf73a97e1fcd9
1516,265b186466217de76a35a487d0da7b1c
1517,a2b1dcd3def32b449a3e2a26f5ae899f
1518,5f8ad378318ca4fb11a366945fa8fd49
1519,7ca2edb81fbc5279c6e9ad079715187e
1520,0be0b2f64aa8522b8d6087a8b5854cda
1521,df4dd7fe4c882f3b565b9a6c769e3300
1522,5f240c3493b72a02d4e21244da91929f
1523,5eba7e7aed0554d12eea8ab29028018f
1524,1ff599c9a16cd4f5ad40af6bd76943e9
1525,60ab051bb46cac4a33fa5fb404b0438c
1526,f41f6f6d3b1ce4d2368ba58e2c255122
1527,6d5cf6a76f350a81f407cc4a9501eb27
1528,21b87ee6ad498290a25703e9a0a9d835
1529,36fc3ced927d13b6b2ceaf2a0ebfc020
1530,96c7637b9768b4940cfce1c993c8305c
1531,d14ecebcb314d0defbfbf7f05fa1eae2
1532,84fc2e7234aaf43b1e37705a3bbd7f65
1533,c887dbfc208008e6f2d5fcb4f6255d4c
1534,58007e2d22a65a47874d1c8f5bb157b3
1535,4e8294aec96ed862db1de0032ecf523d
1536,a73fa8ad7bd0f186963704de5c876702
1537,dad7102035281e938bfa2d4096a3d9a6
1538,42f8cba657474545f97d313adfffcbf3
1539,61f8b88f54d5241165db1bb52db1c8c0
1540,f44a9437ae856cae68436d4941e7b076
1541,0c0e9c8d5c102df1a45eb31dc64172b6
1542,f98bf8c258f4dc1aec8e439c37072697
1543,259deb3e861f44a7674ae3bb5618742a
1544,3d7e95d5f698d76d0a82e8a66e1e37dd
1545,564e561b23f44647215dba3b95720eba
1546,7deb023028a2a4b49acd2c318682b824
1547,3c4c076b243bf0d501bd53dc0581541f
1548,f8b2dbe4dfe197332fa1e97330310810
1549,a171ccaee89a38644cfe8d1a487da770
1550,49e62653c113b818a7d6be8e97dc9d9e
1551,6abd1f746dc95662d08716e9ce9177fb
1552,10d196163c7e7cfbaf7af7456ebc2071
1553,96675db566484808b6ab9fedd03c1f86
1554,8c094b83130569e715f1ba5f10abbc70
1555,ca32400847f979198660661c233955ca
1556,372dcd382d804d1857f6b589b76eaed6
1557,db7d57a77c84a6722a29baceec9829fd
1558,3f9c43c7d5750a24606be7ed48821c3c
1559,6405c566536e17d7911c35513cf65505
1560,a93b4120cfecf16320986e1a198d9945
1561,bfb8d822da2f774ab84990d44a189df9
1562,bcc9724bf910404b5092c58164797f11
1563,54b65767deb154a79f9e3308d1286edb
1564,6725a7003f7b88b2f3dd6c033146f576
1565,7b5ed7a395126600492dcf7de5becb28
1566,379ba1c19d82f2e283e8874d3feecf57
1567,5c286e25afd9d6ff30067c023296a0e1
1568,6c409d6067898ee884c68ea5886b80c3
1569,27e9576ad4c78b81a948432489a90311
1570,b02748c7ccc921d0c9c8572aa045936d
1571,2cf23410aecb48f0f61af39b05c8635e
1572,00b6c609f6a42eef0cafa9c94eb42f50
1573,f60b3dcddfb8c28ecfbfd10c39ce76e1
1574,0281102e8015c6cd36463e711990ebe8
1575,de6b5f1bc40931556a9936257fdf890b
1576,753d1154f8a9d430c536c5dd47c54dc4
1577,2821865d20fcdaa0224ac85e7dafc4b1
1578,047af0307aae174ff94489d3a397063e
1579,d663ecd1156027710d4f7442db4155f3
1580,47454fbd77db8bab2fad182496ddbde4
1581,b50bbd20c1103ac190c111e86a7932d9
1582,38533c65bfadfad1edb8f396ffb08cdf
1583,bd864adb5f7925a7b94be2f6301cd5bb
1584,9af191ae0dd54a93cbb6bbd2f5e3763a
1585,c9d745a87dba7c7aa27c1656025cfd01
1586,879bda8354ce79a93ae061dcbfe401dd
1587,905bc6f6d54d91fc6e77cb56cdf95d44
1588,540a84d5c6593345a5dde32c02ab4033
1589,c3fa0baa5fa5cb326f7d336a4e5f30e4
1590,f0b2be4ea1c18f428fd9b909e206d543
1591,ef6f96d3a4961c9c20a28fdb18b23bb1
1592,f87b523b0a08c0bf62c0ece30eee0598
1593,5dcb0adafddcd675d2d0bd13f8574e87
1594,2b4d76f6956be26bae5164744e392ce0
1595,84c3827608ea221f6933b4c0de5095f2
1596,ea332853e89fda9ef6eb709388e82585
1597,09951e0dc9eb47a84d02dbe897ced636
1598,a715474af7bc93795d4f5af307758b53
1599,04e24fc671b717a728b90ac742e3251b
1600,eb01484f8be72a55e5252233676ed06b
1601,53852ca9d4b702a578d1e55271aa533b
1602,7f13f7b1c247e0ef46309ab62e5312ff
1603,fb56fa2d936f6e85270d0b5eb3a0cc20
1604,96a2997e93c233837414f04bffe2fc6d
1605,d22e2ffc4f57d5ec0d573bcf448b973b
1606,5ea3e8bf83a8e751daf3406db70c768f
1607,97cbdf866ed0d7a6e45fc1fdc49b28ba
1608,da26dd4b299ceb981e77120895ccdced
1609,733b7bb73d3aa91e9c5bd2b2655c1dd5
1610,af5793127d8e1f4de6097ea36c184e23
1611,5b3f2c1d8ef0e76e5182ac1a41c44fcb
1612,1db17300e127ef9ad7c3930d247d5501
1613,3a569a3d131d3398beb4512f3d118140
1614,339f8533c897e601b53f7f7edf49d0df
1615,7ebfa654161badc7d3eb739f6630f1ad
1616,3405cef05545784b2c57706587a1b8b0
1617,57af6a44ff86a2c6f1bbb364a2f00800
1618,93016b0987881a4948a164bf5b384b4a
1619,2bbf84eda6eed5614de0874b3c622080
1620,0d88558d94025108863240d8d642b07b
1621,9ad4bc23fee9582e2006cd3dc6693f52
1622,e8153a306ecde60acb53a0f088e24a18
1623,c6a5474a66c47fea80788e794076c2a0
1624,f5e3c402935d0d86abb564dc1e332ac7
1625,8c0732390f3c1c1502c7a5a5668aeb52
1626,d5458334212b4fb802fdc363cde2fdb8
1627,697ecb68c281cbac18bd0fedeb1b7b4f
1628,3e64641ff8ca23906119aa9431c8352b
1629,72663420fcf17244a7cc1cff3750fb02
1630,74a2bbc2c8684ae5e54fbf1e1e4fc037
1631,d61a15ef7a06f9efe6a53b12b476308b
1632,57c863437335011b037c3e218d7d4fb0
1633,a2ec2b76d34ca18c4512cb19fa8aaa38
1634,fd6a4da2f26902194a1d334791d4a033
1635,d6f0effe5a8500d008a5831fc7cd68db
1636,8d54131ef955acfe6a7052ab35c75d24
1637,eec845927b94c4e8651a6c87f5c45a9f
1638,dd0d638ca42069a5e5aad9f4aaa543b6
1639,a8d61544b82516853944939e0a3c7ca0
1640,498ba73eaa25605cb224e1383f41ee92
1641,f9eba850318eb7f8d5e448b1c7804f2f
1642,85942b8283cc5f6e3f4af1e9aa1d735d
1643,46dbc29317a2b0017594c81c9a7b9213
1644,712344afa870f2aa8a91f694aa04b07b
1645,0752d1ba09c6067b725ac01b69e11166
1646,4895deef1a68882edde9d375b565848d
1647,4fe041c8c821f498b9de7478b53d18fd
1648,bf36b7cd33df9ba5c91dceeb9993cfa5
1649,80a7b6ac02a313336ce6a41ba3456af7
1650,9144fc6d02d5e0ddfd29befd08409ab5
1651,0dc36e1f2b566a9d1444b84a58c20548
1652,1c7b1a3763c777281da6be97fe667255
1653,dcdc2dd182145069f282d73083e0e1f9
1654,3e8627aaad70de91a85c4e0ff07165a7
1655,485ed5fa3f1cbd633b4405d0b19481a6
1656,77262d7e53f033086539809d4dd1e1c0
1657,6005305137f2f6aba3e13e5bc1b09a4f
1658,70b0637f9b9025c8a274821396990bf7
1659,150f545d3e9d1596317fd691f5d3a52c
1660,e4a4547b7fd35301b71c04bd9e832e11
1661,6c104a8f1764a5779ba746ccdc279227
1662,0e3d9765bc371f3f6914588b7578cb2e
1663,bce84d816855b5da2db3c86968054a44
1664,eabacabb0458155db6dc8df6ef83c8ea
1665,dae59dd3a3341cdf64df589ae7f79a43
1666,cc42d134984af585e2b61564f2f534ef
1667,a98f665788e177fc52787e2370a3f480
1668,0a8358acf7f50f549dae6c6deb6878aa
1669,9ae73205a951d7de11d3f380bbe7b14d
1670,fa46e34b6007bf41ee6287808a9915c7
1671,f6ed9da3e4d42de5ea7f4053cbfd84f3
1672,11c425a806c99e6e1cb2af288555ea19
1673,67f44449006d2dfe6a31519c7cf3dd9d
1674,34e6d59388ebd0cbd75f8034bc9e07a0
1675,d0427901b170dead2706cc6062a67d7b
1676,9ebb5f534e4ea7a27d832e06e319f626
1677,acd7637477e7503e9ed1ac4643b868a3
1678,e7b4ed0591f45956ff1b72e13430f666
1679,91639e9090e2793d355b401c7e165359
1680,2aa2397a1aa996d2e8d2ddf65263ccc7
1681,afe78356b197f9f0c3316f7ffdffbc71
1682,1094093b7962096985917c0c0117b9b9
1683,631b8305cd69132a3a13822322fffe4c
1684,f4db4e13d9f26daa5c7ec7ecf4c5f329
1685,bfbd7ed1d0d65b322c1e6e485fe834c4
1686,af9c2b60616eef417507e556347ecf94
1687,dbcb7c315120837fc99ccaf8754cc5b1
1688,f4c4f72b060cf16b67dc790992cb9bc4
1689,c497ea5005af727d07cf482ed459b6fe
1690,b14f76879469338f02111769315701cd
1691,eebecb28c3236ab73b7c765a0ef63f02
1692,efc0765c2a502b0449de93bf9f3ac095
1693,e06c6dcb332861dbe7dafe75def9a240
1694,826eb8be07cbc91ec0f5a30585c63553
1695,598064d0c73a19588745d6fabf0d5554
1696,6da76d44c5614be406eef87f9149da24
1697,90bc990e6dcd18a1cfd5b912e2717888
1698,a889a25d285c872c8d2b9d7ceb7d6792
1699,7a049eb8e4a5b34ce087d4d710d9d696
1700,e51d668539f2bfd44a6881ecea59ec05
1701,db9ef83376ad22d6ed4b34948a4c706c
1702,ca6d9e56096b8058e79bb9df23d0ca5f
1703,c743c7378b3e21ded226977b10bed0d4
1704,7311a0529d94166b8061cfabc7d39373
1705,10c32d057526e0b45ace708ccf695cf1
1706,56015a0789ee5c0bde8e5429743bf818
1707,a63ea9621b3013be1fae5c6773005f7e
1708,8c1e5271588d2c0d7300672cb1b8263e
1709,2e3ca8d6229e2c26009156b0df650db3
1710,4455997bb60d851bbb9cbe59e5a87ae6
1711,81f2e6fe1f31e6d0ddb977cf64d43f0e
1712,f906f13e38b67a9b764975f0968a4fe6
1713,c5c6d6f9ce986c0b806a705ba64daac2
1714,ac2126a5de1e9911b26d43e6eebb5bfd
1715,8da5322c9943359172b2378beaf99a5f
1716,b6871b3171b62a00cadb23cce8390295
1717,36c02558a156bf2ac84105ed233399df
1718,fe373bdf8ee141802f9b397663eebb92
1719,7f7efc2ca0d68bb211750df0ff88dc5d
1720,c74d8a5d722ff8d1bb595ced8674a9d1
1721,32b448011f526ec6d29a1c64f7581d53
1722,6a91d728909f251cb1273cda68a4daf9
1723,79281efb6ccfb40157c8f0554de4b342
1724,c851b87d7391f3dfa9f4eaaf1ae8979c
1725,db987b6c79c1794e0e08d879533e7864
1726,f1cdea0bc25d552c6643ed9dc75e490a
1727,7f02224d791677ed319b15f66c85ac64
1728,6f45392bc8cd7dcdb4b81dcf4ec5ce3c
1729,dfdef7ce5f50013c9e57336a847cb736
1730,3cc22dca6af51764c0da84d056c1de8d
1731,8cc73efe9fca0809f9f177f1875b041d
1732,61a3b4aeb6f9f2a18a0e6bcd08ae1c82
1733,075a9de2b4348007c85ffe30160102ac
1734,14974333c4c5b2b38567a2fc994e72cf
1735,bb0c0083e69a43861b89924106854007
1736,9a29660d208153e5d3b415d89c962d06
1737,de811aa96fdd4b50834e47842f6d792a
1738,400b5cea84defd468cf7c66ae92c5916
1739,d93456c5e98ab99810e453c051c20c34
1740,effbe399447659c608121f698d9b48c6
1741,331b1ae54644a874c06002cb5b7eaa07
1742,9b97026d0c6ceedcf6d983a302843ba5
1743,ff289f5c6d07401e2c55e3c2e9732f40
1744,042788556aba458817df0fb4e987155a
1745,8fd14859c43136caabea501ae9053330
1746,718d96d03cd97433f2338cbdf60010e4
1747,1de80aefd1912137c2b59fd0035ec221
1748,ff04de23156e0136766d5c829ec24637
1749,3ef43cab6d9ec9f1dffd4b45b03859f9
1750,c54e3cd765fa36607d83ac9aa4962c5c
1751,ce75eb58419948dcab1659b7e23c96e7
1752,ef6d8dc7d4dbb7bc66a7292854a36ce6
1753,fcfa6980a028e19e32ddd27f977fa32e
1754,81fa4577f2c647646eff346443fdedab
1755,f0454f215d80a58d3780f82948127932
1756,d63b0cd8ac2128341ff6a99b84d4e4cc
1757,658ed26a2a1011ef9e9be1433774deff
1758,f7f8ff3fb11a6bea9edfadb0a8009232
1759,4692202132f54c49078a38ca18e62be0
1760,13e9906204b04705716bfe41f06ffbf7
1761,9cc342d17b88f26548bb048a882eafc6
1762,329505ac74b1a5cd5d17a5ac3a0d92d5
1763,c37e9bf40b0d145742b3d9571b7fb086
1764,03be4fc4f35e8e381d60f416a137f323
1765,28134556349e872d5b12012a961495c2
1766,93ce6933121ed41822d5a2254b8b05e0
1767,6c6de28412cb61cd7ea68d5261435ac5
1768,b58d55955e5c425fdb561ebc74a7fea2
1769,b36d730b3c410254dd5a7254b806c880
1770,622c35e0eff41ecb9f7707807bd310ac
1771,10fa71b07d7817c54d50682f3f74391a
1772,a5075dafb8a74bbae5021dbc3d2a8ff8
1773,c953ac67ec68963b841ab8c97fe571c5
1774,3b6b1645df27c1988041cc877cdd9444
1775,eded66ab9173cb795949cbae80fb4822
1776,ea6059dbc9009c06a4553ca42a02876f
1777,b8ce7eab5dc2413343dec3b17c74ead2
1778,24f538f62dbf240192cbc58de45bbbae
1779,b19437bc26dcc233391a3f395407dfec
1780,40bf7f393beeb76b2b4d12492715fedd
1781,94639339b6f00549db115d1cebdba339
1782,23cf8a7604f0f275e6cf180444ff4a54
1783,b04a785805411b399c8026b1cad86250
1784,e0fb6c438d650dde28c3d3d02087661f
1785,fb3491fe7ac566adcc39b2873e154550
1786,3c9066af5b4562765211135b3eecec02
1787,a76ace16bdacf7045ea56a223bff30e6
1788,3eb805bd001af4899cfef2ba71b4df97
1789,c9b660c2a1fe898a254bad66e017498d
1790,7fcf156044e6aae35de72a351dcf42c2
1791,6b1644e83eeb4855020f938b9122d475
1792,2bb31f80f39b3dbac3d48f564c4bad1d
1793,87e65800d83bedf7fbada4b8bbfb27f8
1794,48a30da797d28c44b0bb2d06f1d18e51
1795,88dbf5bd58dcf6181356d8ace4fdce19
1796,103f9dd8341a9e673ff4eab00bf591df
1797,f000f7152037c3058f52c8f97753aee0
1798,8c6cf3510fb0448a397ac51b6f6da48c
1799,576ece0273514b692b5455871fec4ff9
1800,fd24fbc3509e753e22cbec8813d0d236
1801,24da1caaab7b9ddf75ea2c9118d60fe2
1802,1ee29e9e8785341dbcc8da6fb938c42f
1803,445420a75fbd92622b5bc05e047a00d8
1804,91e0d2bd2bdd0b5b191ef9dc3bc787c1
1805,fde394c2a404d810406c99929d80956a
1806,58e9b0a513651a5703bb417cf3dcbd7b
1807,9a62e38e90b323900bba17904c8c5c81
1808,8ce8dc9ffbff7f2c7a47854594a138f0
1809,f8c83c476c38a9c2770d95d688a7887d
1810,b9b9270e143b9a0136a4df4cb4f941a8
1811,6ca649f77ad9bc193f0f3b824446aec1
1812,9e4b095b3195f5c1099a8cf42573606e
1813,329fa8e8689fbbc05f5a00d492f010aa
1814,672b38e11b09c2c0a0b211521aedb14b
1815,e48b771f86a082374f8ddf3023378cdc
1816,a9d6c8539aa400c65814e72fab01c6f9
1817,8556e4764b364661c4cb6be128312d40
1818,532f75402ad64d1ee9de832b38b4b4b3
1819,19d802ff45c4ae97f88753304d5aba56
1820,abf0a035ccc7e0bedd960e31cdfcfc4a
1821,759ba8617d3575ed2b8b609fa739bc4a
1822,617e18415449e8bd5d0535b81eaf1cf4
1823,812c02b7f372fad3137addfc9df3456f
1824,cd7e62e9b2571322042890852bdf9a6d
1825,015e04604b8616d359d4b3b0ee11beb5
1826,64d8cd14b40462e0dd94e9c250e0098e
1827,1c97d130193ad5630fed34bc9114faf3
1828,2a1a6eb62bbcdd050f2c78d844c101e6
1829,3643e8cbba29d3e8bbd348528f51e9f7
1830,da4deee36c49091a9dc243536222bfd0
1831,603ce0ed086e049c9e0d7d524a558d49
1832,e75178b2580334cc7478d2b236102d5c
1833,3769e082acd926fd8fbb9ac8041189d3
1834,0adfe1c3f6fa38538603119a6f21317f
1835,0c28a66ae45f14ece6ccefef92e7f489
1836,722157d85f5098d3114922a133433dad
1837,2121f043ed8dbbb857cb2d695585dc48
1838,f62dff7caaebb38ca595465a6b7cb964
1839,eea8018013b3c2bdcb9ea756c91f7a3c
1840,76f09f1b7de56684c111307a22be4c3b
1841,8151e12a5964f6d452d9112a93f5f755
1842,38ea6f6a4ba25dc4b6f6813cf3a502ac
1843,ce604771fbdedbf133ae36480182ea0a
1844,47f60f950d30f0f0b7475de8f61b3465
1845,3ba67b6253e422c84cc197ffcab07d65
1846,c1339f58e2a2717b1314374ebce6a3df
1847,250a012c3a155ca7d36a2739aae3bf27
1848,29f91749831d756d461b5b43b6a7675a
1849,ee965905110d14574fa9750ac5986c7e
1850,aa8d607ae44518a8d838f7e62c265d29
1851,09070c600174c289f09b77f328f5bbfe
1852,87b5d1b1aecdf89126b36c76abadc50e
1853,d46d61c3befe72886ff15d818da72fac
1854,46fbae479ffed0361c72f61a6c6fe9bc
1855,be2c5f7ea86d6a0bb9b41bf5fd594e89
1856,61007b343403130e4702e0ed5bcbe2a6
1857,850b3e29d752b6dad222a1d0f3b2af64
1858,326aa34c161dde45bb0a9c50b4cab263
1859,68555ebe06fd3e9c6a60e0d02207b5a1
1860,d322d80eca27346626b22aa4eac1ddc3
1861,fb95b711a4bd86669694a7cc96bb8ad4
1862,a1b6e45f932042cc65de205786aface3
1863,5443bb4119a76cf322d5aa41521c0fb8
1864,029f1f99a1ab238a5c36f8e5a0386b55
1865,f1aced5f4f9a7b0df2ff35517f58ab6f
1866,98bf9252ab1c4ca0a5ba0bb5725031bd
1867,311556c9857f54a82993d0b263107aa6
1868,dee582dc3597d364cc884afb69925f89
1869,b41346f60d458aa1deaeafe9936d39bc
1870,05f2407375ef4fbb34ff6443c1b6d043
1871,062396d9bbf10ade5a3673a7b30add1f
1872,d1415edb21d7f316e8b90e044f0dbfa8
1873,86fa7c6651742a119e9db1e04b93c5fa
1874,c6240a7ba8d62e721384d702e04e7e1b
1875,7dd8e8b2a52f5ca15f2121250604b9e5
1876,887ad6a564a28ebf3603fe4bdd2d3b94
1877,0998a7855485e0bbc42521f1fb7fe4da
1878,98959ae47decfc7fc14dd977e15f30c4
1879,32ccc982c52d06cceb4f5194c6aab604
1880,024288b25f1d64b064adda211d558ab2
1881,c82edcda744254c25369cd9ca52ef4b0
1882,df04a84b128809d380a4d90394130e6c
1883,763ce95f794f65a72cb101addc22bea1
1884,275364bc9afb3fb714a90fb4de865f58
1885,59b7988ce7c025ad3aba238940f7c339
1886,0b8e2f803978910fc79e310e2805aae1
1887,825d72de5abcc11372b061271dd37c4a
1888,cc8189e0a330de10b2e01b42495ceb45
1889,8de87888eda4bcf9a6a93b43e42bfbfe
1890,e916987ac8550141408ac20930071e21
1891,50be0c00e86f400a5aaa78cb21ef798d
1892,e4b1a0341062d07c791218a5509471c2
1893,029ccdf514dd735765c5b950ae2092d9
1894,c77ccabcdd8b89b941d2567ddea2853e
1895,0223173edd2cd72b4bf10fc7820c3c87
1896,bb70902e86b96744160de2af6a3fde5f
1897,1b8cefc771ff964de4e7fe724032fcf6
1898,454e447fc708c543baf4eddde6d49351
1899,2d4ce26906901cc510146e14c01eea42
1900,866d138ce958f3ecc01a7a012e722f5d
1901,fe202ecfbdef7a8125b87bb8ad9c9b17
1902,e0f4baa5cbd48248bd7f9730506e3d70
1903,e6b57ab5bce63f96c1e1778d276561d3
1904,e1a59cbb1d557e19adbf6680d841c8bd
1905,5947850d51bd4ac3f96952792982c843
1906,248bdd3acf3625b79ce425ad074e96c7
1907,485bf51d91dfe211db8157a7570a0b5e
1908,d68dfaab7a9659332d0d728df003c200
1909,445e638c7f7c7d0285f64ecc5cbc521b
1910,39434e630beef43653b1509254cc2c49
1923,bdca43286071e1ec9c2df09343eec593
1926,768d24e8411ceafcdbbf64750800eb17
1918,d05a8759db9d504ef295aecac7cae556
1922,f14c044ce16f0a7d0dd0816bcc6acf08
1916,b5eb6d9360c14810ae5e50464c07febe
1925,9c8283029c19f8e4f9cf88f76cf60bc1
1920,a811585c6e80dabac2b3f4e2a631ab26
1912,aa72a444b32488b87524664184902c3e
1914,414813b4943dd093abaca224505a757c
1921,f40b0954abdacf4a436cc52b2afb773f
1913,ddc7e678ce883e502a4b69e8012edf06
1924,15c1dc993a5e3a5ce6b21f5ff3bc2ec1
1911,e48ed5ab31b9d509904f93e9b044ffdf
1917,5ffcbce9aa97bf064533c2f03ca4d7a6
1919,dc2d3df3cb4ba056f968696dbf4c7955
1915,591005c2bdd5c5d7a2149a67c7ff373a
1928,c0307be06e9a5042eaae71168a9fdd5c
1927,6a8b29b37836ee45a6d32b2cdf907ad5
1930,79e20622ee0c6242ca91fbfe38d434b7
1929,52b99713baadc72f7f26a28d198813fa
1938,33201df1ab87dbc96cb31d0b539ab934
1939,58c5be1d40edfd1ada768b3339d21e94
1931,a4efe23829ff9cb82ff9849baca81208
1933,7a0047f3197d528df0ec6d7d21291c5e
1934,9dfd093632d6908167096a0dfcba70d1
1936,9e86cc66b7149a1cc711afbc8f58d722
1935,c758268cdb578fe473e5fad5cc935a29
1932,d4c6b06db020bf1fc071c11ed1cf5244
1937,29cf61fa649374a6836c3a576f1b9ef6
1940,6f3e35718b493be2f795a7bf801a6ea5
1941,140ebac16bb9f6e65d2f2fd379c97cac
1942,82879f14ea6a1b0c073bbfdbc07b7741
1943,b333dbad512f69d2a525844486f86d8b
1944,fb057c73190a611c03973cddbeabcb3e
1947,417e3e2cd57a44f6b938ee3277f39c74
1945,fd2cdf74b8522b359ee5cd1a185b1acd
1946,b392e4f8b1d18a29818250a909c75098
1948,af49d595844445d30a519b481846a594
1950,bfdb06cbca2750c9fca6dc6d4785063a
1949,4ac2c5acd4f9319e6ec64764c5bb98bf
1951,8e5842ef6b6dbd287fe1f3ef6d830c0f
1952,df6e39b20a33fd43cfcec0ff09091e29
1953,84366d586bd4ca238dbd4998d21c98c3
1955,181e942b2b9b3586f6e01647680943f8
1956,0e5caee161398d5de7cdb974b05fa2c4
1954,f26d881d90f41a6307a2ecb5902ae391
1957,15300cd738dfe0ae3198ab00a4b5cd56
1958,5be212bc8173c764da4014ae0431c60a
1959,614024847964f4fa6c126777371114f5
1960,f23d96bc900a966cf2d06d54ae2076ea
1961,138407eafa928bf83e557ffb5fbbd83e
1962,f637ee26ff5df85110db53a0614badc7
1963,4ced7afd7be60efaad313bcdf0cb7534
1964,a7f62710c69645cb2f9ee34e679df333
1965,78e0c1482b3f9af6316fb18f3fc9ced7
1966,3c5700cb3924b4f8abfe69655f72c0b5
1967,95ef2ae25bfeb9b6c9b577714887d7a6
1968,69d2938806045c4a52a5f20923301933
1969,db04eb8fc206616c04f58a00a0b60cc6
1970,d2bf3723b947507ae28ed6d173b37c50
1971,7cbd3f781a1309b84d5125eb5ac3593a
1974,b6ca47dada0b0ebad3bcb05daba35a78
1973,4f2f5ed68475f8c9ba1c52361c19df78
1972,71aa88f7e4f7cbf96ea300fb271ccc4c
1975,1393ac4a961fa8cd11ad2e46aa65c57a
1976,512e224d5418ef606c785aeadd6f1a56
1977,755d1afa40a78c1b5519c203ffbd7c01
1978,a8ac9093c66a956a8f21c5e967a08b4a
1980,6eb4e02674fa05d41dcffb81005ea109
1979,2ff44f8867e66b3995ae5d3e0e9f136d
1981,20467617238b3be397f0b4e129a92683
1982,3c80164eb6ad6d24674aeba8d8c82a19
1983,ca2d61dc146caa65569565a9aa259ede
1984,f7de07b46232514af38973a1dd8a2293
1985,fcc4a989b6d3ea279bde4cc338a43ca7
1986,421a1cbb94f6aa495babf547749a1d93
1987,4a15e9623bbcf23f5e16bfc381ded67a
1988,b74748b224676954b1fee8462de8dfb3
1989,93e4a1f79385356698afc61f055d8558
1990,332ff79a45b82efb62df36b6c7401e7a
1991,357fa908ab25573a7b664299c50452db
1993,e11ef636317b735d01d291a271ab38a2
1992,b8c626f595441e3ef24c8fb857721865
1994,326539075a519c142a98cf16a10d74b3
1996,06a987f7a8a99af25c7bd134fa4574fa
1995,31a45867078ff8d9a0fd324bad0af3e7
1997,2f807d2df1af8d33978ceee8f1236164
1998,1fa6544bb5c7041f3c1cb38a85ed1356
1999,9e66cc61b26bc800ea69075eb512f027
2000,bc05dccea2838c828075f27c3e93341a
2001,3578a41d6f9f61b865d526eb30972eb6
2002,87bbb3c6c266039d6adc484fdd82140b
2006,d5a68a110953d4741fbf1587e877a964
2003,9a2230772772eb908455cb9dae1c652e
2004,4b67c5d0f7516279a231b9f151dfbd71
2005,fe6f008da0fe7cd37e6ba0b8a2a22c58
2007,f798d01c6f137aab116b081a474ec600
2009,d7288f85f61aca9fb2e65c6c8bc6bfd0
2008,f2a25d07a637a5619903cacf37ca7c93
2010,391d8de6ecffd7007178089ebbc11297
2012,1011a65328a7b3588c9882013e9b5e0d
2011,cfb0efd4fe909110abdaaf002940637b
2013,697530a349e1661d06aa835b4888375e
2014,c94b038b991c7abb19eb26b8cfcac6d3
2015,b3d5eb7d55e52b3b30a703776d1e4c80
2016,370268c00721a6fa0ca9810b4667c61f
2019,f27e07c89750d204ae76eaaa024b8126
2017,59b647ed7de550a701001860f53f90b7
2018,9dbfc21aef8c6ac265c19af7a7d38a32
2020,533c636e4a8df0f262ea7dc9008b1b18
2021,1f75b71aef01bf176c3eef908d95a170
2022,e306e1c6fbddf3031473c3c8d373dd4e
2023,a25ffd9a13f78a1792aa5ed8703e169b
2024,226539a7738c57edcdad6224fe268689
2026,273e582db4c72fe4452a5f2b979c5bce
2028,864aa13932211a1baabf43d898b12a21
2025,f4f5717a260056baf5883e43ddc9c9a2
2027,9503a5f29c056456eb571ee851f28880
2029,62743922e36b81311c339a8827c97afc
2030,c43cc010f86def1aaa84ab3403e5e249
2031,41672180e36b2d57c9182097a6fedb1b
2032,acea0fe9a10d5c8ae7700f6273da6c87
2033,be7fffdcb547f344d457191ecdc5ac52
2037,8d07d4505034e899c020a6fd7e4b99e4
2034,c4263901e3890e79f445f666031ac32d
2035,517b6e279d2178bbe27bbd93f399b511
2036,4df5f1e4af451022a1062e265b8c4a75
2038,17472777ca56aa12e1bfffd1f8f6a463
2039,f1389fec1f387a0eea494180f52ffeb9
2040,08c42df743bbdc62e013f26217c2b53e
2042,bcbb9585a751346c5a67ec1238f1e6cb
2041,cb9db017830c2d188babcc9d5402124c
2043,72b884e1329e5855dff8ed7bb813dd92
2044,7dee41350cddd66705af7e5d3db6bb35
2045,eb53757c9aaa622309d5ad9604e0e9b6
2046,d28511d6ad4a265998adaa2c5fa7211d
2047,a04c5fab0cea32915556a83e67a181c6
2048,c2f85532efe3acdc59ef7c17ce3b429f
2050,8df0abddfc700807558eb5155aa21535
2049,57353f33d64605550651fa650d182ae7
2051,596c1ee5b0f3c8b7a2ebdd02cfc306db
2053,cdd253b786f079b5c85c7e50b780ad70
2052,98c942f75cee020e850aa28eb93eaade
2054,4d943494995898f85ee65cdd5d0e2578
2070,e32066aac095ad6ef2983bda8e4afd52
2067,1529df094f602db7e95086a135625a6f
2062,f5beb3bd5bfffff28f2e29950b1f3827
2060,233c179093b8cb02015aee1b2af26f52
2066,23c3381c6c17d7fc2340048bdbc30f72
2058,0fdd49d64a1506d586c13c1f553e3bdc
2064,3445f3ee63bfceed59cf8d1e31994710
2056,ca7733f604173c27eff32f6161c4f955
2069,2e5288e8475f3afd057685809796a0d3
2068,7228354835fa9ba1f8429948de64117a
2061,09062777f350ac9b834d7ae76740c951
2055,3da8a14aaa43350741ce71da1f389368
2059,d5425add239948db80681131cb963cb7
2057,312351f30a57292508d81c270a3661af
2065,2e762b8fb5b955427000ca703f743441
2063,58db411ee86a2d1d8880f9ed1ada4fec
2072,ee4b3503c17818b3d430896d9964bfe4
2071,f5400d2c3bf57fdb6f6ebaf2b1fb1ff5
2074,f4d44c77ece38d5fc83b4dae5f3d5587
2073,cca0b8822eeb6115046b3e870a968ba5
2083,b175d608cf12ca6f121fdf04e9bf5ec3
2076,f5555c1f23f53c3ff0f5aa233f6b4bcd
2078,882b17bc127b992c40c110777384b2da
2079,f42497baec887756813f2b945ed4f60b
2075,74fd5b39797ab228d0bd36b2786f557c
2077,211672bfad1216f766828df9f6f6007b
2081,b4062caf2ab27a6ef6c0001872dddbd3
2080,d002f087aa91d9f3083564139a1deeee
2084,a444d660104f9c91a0485c2df854cd43
2082,179c9bb39dbc7e5e6c720aa34a785f14
2085,e1aed49570d8ac15edc070b67c539528
2086,7ee3c4169e34dd1e9358d3027dbe7cd4
2087,42f8c717b6429676cef7afe6bf7f392c
2088,491fd3f180a7a8199dff19854f17c976
2089,00cf426ec3fc58cdde2c8fe385b2eb57
2091,0d17398518fb8209bf9647e149f97622
2090,83a4221be955871ea03a5316968905f2
2096,926629dd1cc9fdb388c50d790c5727b6
2092,8d5b507241fe731d4b29eeae1ab187f2
2095,1cbc3bb20fe04948a4db13e83d43e39f
2094,090babc367d0b35efc25a6199ea5b64a
2093,50caeeab9ae34ad70b18514cd46b748b
2097,0b0eead2f54367ee163a59773c0828cb
2098,0f79efc3b40c402bf6b75ba9fbbe9e90
2100,95559eb7a734916a921c025ebbf2ee0d
2099,80bfe3b97a7c50f502336c08b3cc4f76
2101,35aa2b58fd7a7f1fad9ebf0df5614f5b
2102,68c2cf907e4b33023977d76781b6a5ab
2103,1255e8c670ed27923af80dfa55ecea0e
2104,dc2a7e3cc044a0fc759315d628433ac1
2105,1f28177f8a51b5cb57fde8b285121ad3
2106,cde25ab253922e5c80da5c63c871a4ab
2107,8341401263e01a9af13558cd133d7c58
2113,82cf22b97cecba88238df56b3585d769
2111,183dcf5b4e6d88c471d0a4869e7bd52b
2108,76211fffd4a9ebe57d69fc3a625fec80
2112,9f5de4f28c22de52bb2080f7f99446b5
2110,16115186a84c0691e7d93f2d54c5afda
2109,cb72946fef2b117e23ce960407558383
2115,d3e2b52824a2f455bd4805ebbb8e4d95
2114,1d39bdfcdaebef6f1cf607a44fa805f8
2116,bc510f053357127148cabf6b8b2410aa
2117,b63f5c164de22e36ee756d73f0305b26
2118,379ea0699be6dd5eb35b02e6872fe8fd
